Year,Month,District,Season,Total,Density,freq,Lower,Upper,temp,rain,area,EIR,case1,IR
2010,1,AG,1,61087,2.6,0,NA,NA,28,300.1,2,1.3,186,0.003044838
2010,1,CT,1,15817,5.9,0,NA,NA,28,300.1,2,2.95,15,0.000948347
2010,1,CU,1,6762,0,NA,NA,NA,28,300.1,1,0,2,0.00029577
2010,1,LE,1,12686,1.8,0.4472,NA,NA,28,300.1,1,0.9,3,0.000236481
2010,1,LO,1,18492,1.11,0,NA,NA,28,300.1,2,0.555,49,0.002649795
2010,1,MZ,1,41710,0.925,NA,NA,NA,28,300.1,2,0.4625,15,0.000359626
2010,1,PR,1,7230,1.25,NA,NA,NA,28,300.1,0,0.625,1,0.000138313
2010,10,AG,3,61087,2.51,NA,NA,NA,28,116.8,2,1.255,80,0.001309608
2010,10,CT,3,15817,4.2,NA,NA,NA,28,116.8,2,2.1,32,0.00202314
2010,10,CU,3,6762,1.36,NA,NA,NA,28,116.8,1,0.68,25,0.003697131
2010,10,LE,3,12686,1.975,NA,NA,NA,28,116.8,1,0.9875,1,7.88E-05
2010,10,LO,3,18492,4.35,NA,NA,NA,28,116.8,2,2.175,19,0.001027471
2010,10,MZ,3,41710,0.32,NA,NA,NA,28,116.8,2,0.16,68,0.001630304
2010,10,PR,3,7230,2.1,NA,NA,NA,28,116.8,0,1.05,0,0
2010,11,AG,3,61087,8.15,NA,NA,NA,28,333.6,2,4.075,90,0.001473309
2010,11,CT,3,15817,3.85,NA,NA,NA,28,333.6,2,1.925,46,0.002908263
2010,11,CU,3,6762,0.3,NA,NA,NA,28,333.6,1,0.15,40,0.00591541
2010,11,LE,3,12686,3.82,NA,NA,NA,28,333.6,1,1.91,4,0.000315308
2010,11,LO,3,18492,7.9,NA,NA,NA,28,333.6,2,3.95,16,0.000865239
2010,11,MZ,3,41710,0.96,NA,NA,NA,28,333.6,2,0.48,72,0.001726205
2010,11,PR,3,7230,3.12,NA,NA,NA,28,333.6,0,1.56,0,0
2010,12,AG,3,61087,21.83,NA,NA,NA,29,281.3,2,10.915,176,0.002881137
2010,12,CT,3,15817,4.11,NA,NA,NA,29,281.3,2,2.055,69,0.004362395
2010,12,CU,3,6762,0.48,NA,NA,NA,29,281.3,1,0.24,47,0.006950606
2010,12,LE,3,12686,2.53,NA,NA,NA,29,281.3,1,1.265,2,0.000157654
2010,12,LO,3,18492,9.8,NA,NA,NA,29,281.3,2,4.9,47,0.00254164
2010,12,MZ,3,41710,1.1,NA,NA,NA,29,281.3,2,0.55,105,0.002517382
2010,12,PR,3,7230,2.68,NA,NA,NA,29,281.3,0,1.34,4,0.00055325
2010,2,AG,1,61087,5.28,0,NA,NA,30,201.9,2,2.64,195,0.003192169
2010,2,CT,1,15817,3.2,0,NA,NA,30,201.9,2,1.6,11,0.000695454
2010,2,CU,1,6762,0.05,NA,NA,NA,30,201.9,1,0.025,0,0
2010,2,LE,1,12686,3.625,0.4472,NA,NA,30,201.9,1,1.8125,6,0.000472962
2010,2,LO,1,18492,0.23,0,NA,NA,30,201.9,2,0.115,14,0.000757084
2010,2,MZ,1,41710,0.5,NA,NA,NA,30,201.9,2,0.25,13,0.000311676
2010,2,PR,1,7230,2.25,NA,NA,NA,30,201.9,0,1.125,3,0.000414938
2010,3,AG,1,61087,3.16,0,NA,NA,31,140.8,2,1.58,159,0.002602845
2010,3,CT,1,15817,2.96,0,NA,NA,31,140.8,2,1.48,13,0.0008219
2010,3,CU,1,6762,0.18,NA,NA,NA,31,140.8,1,0.09,1,0.000147885
2010,3,LE,1,12686,1.76,0.4472,NA,NA,31,140.8,1,0.88,7,0.000551789
2010,3,LO,1,18492,0.82,0,NA,NA,31,140.8,2,0.41,26,0.001406013
2010,3,MZ,1,41710,0.58,NA,NA,NA,31,140.8,2,0.29,23,0.000551427
2010,3,PR,1,7230,1.92,NA,NA,NA,31,140.8,0,0.96,6,0.000829876
2010,4,AG,1,61087,13.84,0,NA,NA,31,46,2,6.92,206,0.00337224
2010,4,CT,1,15817,5.4,0,NA,NA,31,46,2,2.7,29,0.00183347
2010,4,CU,1,6762,0.56,NA,NA,NA,31,46,1,0.28,3,0.000443656
2010,4,LE,1,12686,1.08,0.4472,NA,NA,31,46,1,0.54,7,0.000551789
2010,4,LO,1,18492,7.82,0,NA,NA,31,46,2,3.91,22,0.001189704
2010,4,MZ,1,41710,0.38,NA,NA,NA,31,46,2,0.19,35,0.000839127
2010,4,PR,1,7230,0.8,NA,NA,NA,31,46,0,0.4,1,0.000138313
2010,5,AG,1,61087,4.11,0,NA,NA,29,49.7,2,2.055,350,0.005729533
2010,5,CT,1,15817,6.2,0,NA,NA,29,49.7,2,3.1,36,0.002276032
2010,5,CU,1,6762,2.36,NA,NA,NA,29,49.7,1,1.18,10,0.001478852
2010,5,LE,1,12686,4.16,0.4472,NA,NA,29,49.7,1,2.08,5,0.000394135
2010,5,LO,1,18492,8.18,0,NA,NA,29,49.7,2,4.09,41,0.002217175
2010,5,MZ,1,41710,0.33,NA,NA,NA,29,49.7,2,0.165,46,0.001102853
2010,5,PR,1,7230,1.28,NA,NA,NA,29,49.7,0,0.64,17,0.002351314
2010,6,AG,2,61087,0.67,NA,NA,NA,27,20.2,2,0.335,176,0.002881137
2010,6,CT,2,15817,5.35,NA,NA,NA,27,20.2,2,2.675,52,0.003287602
2010,6,CU,2,6762,3.7,NA,NA,NA,27,20.2,1,1.85,12,0.001774623
2010,6,LE,2,12686,1.65,NA,NA,NA,27,20.2,1,0.825,14,0.001103579
2010,6,LO,2,18492,6.31,NA,NA,NA,27,20.2,2,3.155,32,0.001730478
2010,6,MZ,2,41710,0.45,NA,NA,NA,27,20.2,2,0.225,58,0.001390554
2010,6,PR,2,7230,1,NA,NA,NA,27,20.2,0,0.5,0,0
2010,7,AG,2,61087,0.02,NA,NA,NA,26,7.7,2,0.01,81,0.001325978
2010,7,CT,2,15817,7.42,NA,NA,NA,26,7.7,2,3.71,45,0.00284504
2010,7,CU,2,6762,0.91,NA,NA,NA,26,7.7,1,0.455,14,0.002070393
2010,7,LE,2,12686,4.22,NA,NA,NA,26,7.7,1,2.11,9,0.000709443
2010,7,LO,2,18492,7.33,NA,NA,NA,26,7.7,2,3.665,18,0.000973394
2010,7,MZ,2,41710,0.58,NA,NA,NA,26,7.7,2,0.29,29,0.000695277
2010,7,PR,2,7230,0.25,NA,NA,NA,26,7.7,0,0.125,0,0
2010,8,AG,2,61087,0.43,NA,NA,NA,26,41.6,2,0.215,55,0.000900355
2010,8,CT,2,15817,8.73,NA,NA,NA,26,41.6,2,4.365,29,0.00183347
2010,8,CU,2,6762,2.96,NA,NA,NA,26,41.6,1,1.48,10,0.001478852
2010,8,LE,2,12686,2.73,NA,NA,NA,26,41.6,1,1.365,5,0.000394135
2010,8,LO,2,18492,2.31,NA,NA,NA,26,41.6,2,1.155,17,0.000919316
2010,8,MZ,2,41710,0.09,NA,NA,NA,26,41.6,2,0.045,34,0.000815152
2010,8,PR,2,7230,0.24,NA,NA,NA,26,41.6,0,0.12,6,0.000829876
2010,9,AG,2,61087,NA,NA,NA,NA,27,31.2,2,NA,47,0.000769394
2010,9,CT,2,15817,NA,NA,NA,NA,27,31.2,2,NA,10,0.000632231
2010,9,CU,2,6762,7.3,NA,NA,NA,27,31.2,1,3.65,8,0.001183082
2010,9,LE,2,12686,2.04,NA,NA,NA,27,31.2,1,1.02,3,0.000236481
2010,9,LO,2,18492,0.35,NA,NA,NA,27,31.2,2,0.175,4,0.00021631
2010,9,MZ,2,41710,0,NA,NA,NA,27,31.2,2,0,16,0.000383601
2010,9,PR,2,7230,0.15,NA,NA,NA,27,31.2,0,0.075,2,0.000276625
2011,1,AG,1,63875,12.65,0.4472,NA,NA,28,184.3,2,6.325,239,0.003741683
2011,1,CT,1,16037.99791,3.46,0.4472,NA,NA,28,184.3,2,1.73,79,0.004925802
2011,1,CU,1,6095,0.29,0.6325,0.1512,0.9456,28,184.3,1,0.145,32,0.005250205
2011,1,LE,1,13365,1.9,0,NA,NA,28,184.3,1,0.95,31,0.002319491
2011,1,LO,1,18275,12.8,0.5477,0.2563,0.808,28,184.3,2,6.4,63,0.003447332
2011,1,MZ,1,42062,0.825,NA,NA,NA,28,184.3,2,0.4125,112,0.002662736
2011,1,PR,1,7018,4.76,NA,NA,NA,28,184.3,0,2.38,1,0.000142491
2011,10,AG,3,63875,0,NA,NA,NA,28,194,2,0,136,0.002129159
2011,10,CT,3,16037.99791,2.9,NA,NA,NA,28,194,2,1.45,29,0.001808206
2011,10,CU,3,6095,0,NA,NA,NA,28,194,1,0,8,0.001312551
2011,10,LE,3,13365,0.25,NA,NA,NA,28,194,1,0.125,0,0
2011,10,LO,3,18275,1.3,NA,NA,NA,28,194,2,0.65,68,0.00372093
2011,10,MZ,3,42062,0.13,NA,NA,NA,28,194,2,0.065,38,0.000903428
2011,10,PR,3,7018,2.4,NA,NA,NA,28,194,0,1.2,3,0.000427472
2011,11,AG,3,63875,0.83,NA,NA,NA,29,274.4,2,0.415,260,0.00407045
2011,11,CT,3,16037.99791,4.6,NA,NA,NA,29,274.4,2,2.3,39,0.002431725
2011,11,CU,3,6095,0.1,NA,NA,NA,29,274.4,1,0.05,22,0.003609516
2011,11,LE,3,13365,1.3,NA,NA,NA,29,274.4,1,0.65,4,0.000299289
2011,11,LO,3,18275,2.75,NA,NA,NA,29,274.4,2,1.375,72,0.003939808
2011,11,MZ,3,42062,0.27,NA,NA,NA,29,274.4,2,0.135,71,0.001687984
2011,11,PR,3,7018,1.05,NA,NA,NA,29,274.4,0,0.525,0,0
2011,12,AG,3,63875,0.4,NA,NA,NA,29,161.6,2,0.2,590,0.009236791
2011,12,CT,3,16037.99791,4.08,NA,NA,NA,29,161.6,2,2.04,69,0.004302283
2011,12,CU,3,6095,0.2,NA,NA,NA,29,161.6,1,0.1,13,0.002132896
2011,12,LE,3,13365,0.18,NA,NA,NA,29,161.6,1,0.09,3,0.000224467
2011,12,LO,3,18275,0.87,NA,NA,NA,29,161.6,2,0.435,144,0.007879617
2011,12,MZ,3,42062,0.24,NA,NA,NA,29,161.6,2,0.12,207,0.004921307
2011,12,PR,3,7018,3.6,NA,NA,NA,29,161.6,0,1.8,5,0.000712454
2011,2,AG,1,63875,7.525,0.4472,NA,NA,29,204.5,2,3.7625,251,0.00392955
2011,2,CT,1,16037.99791,3,0.4472,NA,NA,29,204.5,2,1.5,57,0.00355406
2011,2,CU,1,6095,0.49,0.6325,0.1512,0.9456,29,204.5,1,0.245,23,0.003773585
2011,2,LE,1,13365,2.38,0,NA,NA,29,204.5,1,1.19,28,0.002095024
2011,2,LO,1,18275,0.8,0.5477,0.2563,0.808,29,204.5,2,0.4,49,0.002681259
2011,2,MZ,1,42062,0.575,NA,NA,NA,29,204.5,2,0.2875,93,0.002211022
2011,2,PR,1,7018,3.3,NA,NA,NA,29,204.5,0,1.65,7,0.000997435
2011,3,AG,1,63875,4.47,0.4472,NA,NA,30,98.9,2,2.235,225,0.003522505
2011,3,CT,1,16037.99791,3.69,0.4472,NA,NA,30,98.9,2,1.845,49,0.003055244
2011,3,CU,1,6095,0.64,0.6325,0.1512,0.9456,30,98.9,1,0.32,25,0.004101723
2011,3,LE,1,13365,1.16,0,NA,NA,30,98.9,1,0.58,19,0.001421624
2011,3,LO,1,18275,1.13,0.5477,0.2563,0.808,30,98.9,2,0.565,26,0.001422709
2011,3,MZ,1,42062,0.76,NA,NA,NA,30,98.9,2,0.38,107,0.002543864
2011,3,PR,1,7018,2.7,NA,NA,NA,30,98.9,0,1.35,4,0.000569963
2011,4,AG,1,63875,16.625,0.4472,NA,NA,30,93.3,2,8.3125,305,0.004774951
2011,4,CT,1,16037.99791,2.725,0.4472,NA,NA,30,93.3,2,1.3625,53,0.003304652
2011,4,CU,1,6095,0.5,0.6325,0.1512,0.9456,30,93.3,1,0.25,19,0.003117309
2011,4,LE,1,13365,1.63,0,NA,NA,30,93.3,1,0.815,14,0.001047512
2011,4,LO,1,18275,6.3,0.5477,0.2563,0.808,30,93.3,2,3.15,22,0.00120383
2011,4,MZ,1,42062,0.325,NA,NA,NA,30,93.3,2,0.1625,82,0.001949503
2011,4,PR,1,7018,2.35,NA,NA,NA,30,93.3,0,1.175,1,0.000142491
2011,5,AG,1,63875,9.73,0.4472,NA,NA,28,40,2,4.865,501,0.007843444
2011,5,CT,1,16037.99791,6.04,0.4472,NA,NA,28,40,2,3.02,61,0.003803467
2011,5,CU,1,6095,0.53,0.6325,0.1512,0.9456,28,40,1,0.265,26,0.004265792
2011,5,LE,1,13365,3.22,0,NA,NA,28,40,1,1.61,7,0.000523756
2011,5,LO,1,18275,5.31,0.5477,0.2563,0.808,28,40,2,2.655,102,0.005581395
2011,5,MZ,1,42062,0.62,NA,NA,NA,28,40,2,0.31,270,0.006419096
2011,5,PR,1,7018,0.76,NA,NA,NA,28,40,0,0.38,4,0.000569963
2011,6,AG,2,63875,2.85,NA,NA,NA,27,13.5,2,1.425,494,0.007733855
2011,6,CT,2,16037.99791,8.47,NA,NA,NA,27,13.5,2,4.235,74,0.004614042
2011,6,CU,2,6095,0.71,NA,NA,NA,27,13.5,1,0.355,9,0.00147662
2011,6,LE,2,13365,2.25,NA,NA,NA,27,13.5,1,1.125,11,0.000823045
2011,6,LO,2,18275,8.73,NA,NA,NA,27,13.5,2,4.365,125,0.006839945
2011,6,MZ,2,42062,0.31,NA,NA,NA,27,13.5,2,0.155,232,0.005515667
2011,6,PR,2,7018,1.04,NA,NA,NA,27,13.5,0,0.52,8,0.001139926
2011,7,AG,2,63875,1.14,NA,NA,NA,26,9.1,2,0.57,189,0.002958904
2011,7,CT,2,16037.99791,9.91,NA,NA,NA,26,9.1,2,4.955,23,0.001434094
2011,7,CU,2,6095,2.48,NA,NA,NA,26,9.1,1,1.24,21,0.003445447
2011,7,LE,2,13365,0.325,NA,NA,NA,26,9.1,1,0.1625,1,7.48E-05
2011,7,LO,2,18275,7.15,NA,NA,NA,26,9.1,2,3.575,41,0.002243502
2011,7,MZ,2,42062,0.425,NA,NA,NA,26,9.1,2,0.2125,69,0.001640436
2011,7,PR,2,7018,0.3,NA,NA,NA,26,9.1,0,0.15,6,0.000854944
2011,8,AG,2,63875,0.31,NA,NA,NA,26,15,2,0.155,94,0.001471624
2011,8,CT,2,16037.99791,3.8,NA,NA,NA,26,15,2,1.9,17,0.001059983
2011,8,CU,2,6095,1.42,NA,NA,NA,26,15,1,0.71,19,0.003117309
2011,8,LE,2,13365,0.88,NA,NA,NA,26,15,1,0.44,5,0.000374111
2011,8,LO,2,18275,0.22,NA,NA,NA,26,15,2,0.11,22,0.00120383
2011,8,MZ,2,42062,0.13,NA,NA,NA,26,15,2,0.065,20,0.000475489
2011,8,PR,2,7018,1.15,NA,NA,NA,26,15,0,0.575,0,0
2011,9,AG,2,63875,0,NA,NA,NA,27,51.8,2,0,47,0.000735812
2011,9,CT,2,16037.99791,3.17,NA,NA,NA,27,51.8,2,1.585,25,0.001558798
2011,9,CU,2,6095,0.63,NA,NA,NA,27,51.8,1,0.315,23,0.003773585
2011,9,LE,2,13365,0,NA,NA,NA,27,51.8,1,0,0,0
2011,9,LO,2,18275,0.06,NA,NA,NA,27,51.8,2,0.03,17,0.000930233
2011,9,MZ,2,42062,0.15,NA,NA,NA,27,51.8,2,0.075,31,0.000737007
2011,9,PR,2,7018,5.1,NA,NA,NA,27,51.8,0,2.55,0,0
2012,1,AG,1,69454,0.67,NA,NA,NA,28,88.2,2,0.335,745,0.010726524
2012,1,CT,1,17161,2.28,NA,NA,NA,28,88.2,2,1.14,64,0.003729386
2012,1,CU,1,6031,0.05,NA,NA,NA,28,88.2,1,0.025,11,0.00182391
2012,1,LE,1,7324,0.37,0.5774,0.2691,0.8386,28,88.2,1,0.185,16,0.002184599
2012,1,LO,1,19365,0.22,0.5477,0.2563,0.808,28,88.2,2,0.11,184,0.009501678
2012,1,MZ,1,44752,0.48,0.866,0.5763,0.9886,28,88.2,2,0.24,257,0.00574276
2012,1,PR,1,7324,0.72,NA,NA,NA,28,88.2,0,0.36,3,0.000409612
2012,10,AG,3,69454,20.25,0.4368,0.3658,0.5095,27,340.9,2,10.125,115,0.001655772
2012,10,CT,3,17161,0.13,0,NA,NA,27,340.9,2,0.065,17,0.000990618
2012,10,CU,3,6031,1.85,NA,NA,NA,27,340.9,1,0.925,1,0.00016581
2012,10,LE,3,7324,0.05,NA,NA,NA,27,340.9,1,0.025,2,0.000273075
2012,10,LO,3,19365,2,0.5517,0.3723,0.721,27,340.9,2,1,24,0.001239349
2012,10,MZ,3,44752,1.25,0.378,NA,NA,27,340.9,2,0.625,42,0.000938506
2012,10,PR,3,7324,1.92,NA,NA,NA,27,340.9,0,0.96,0,0
2012,11,AG,3,69454,40.2,0.4368,0.3658,0.5095,28,276.9,2,20.1,228,0.003282748
2012,11,CT,3,17161,0.5,0,NA,NA,28,276.9,2,0.25,64,0.003729386
2012,11,CU,3,6031,0.1,NA,NA,NA,28,276.9,1,0.05,1,0.00016581
2012,11,LE,3,7324,3.45,NA,NA,NA,28,276.9,1,1.725,4,0.00054615
2012,11,LO,3,19365,15.6,0.5517,0.3723,0.721,28,276.9,2,7.8,86,0.004441002
2012,11,MZ,3,44752,1.2,0.378,NA,NA,28,276.9,2,0.6,73,0.001631212
2012,11,PR,3,7324,2.45,NA,NA,NA,28,276.9,0,1.225,1,0.000136537
2012,12,AG,3,69454,13.4,0.4368,0.3658,0.5095,28,128.9,2,6.7,328,0.00472255
2012,12,CT,3,17161,2.44,0,NA,NA,28,128.9,2,1.22,61,0.003554571
2012,12,CU,3,6031,0.3,NA,NA,NA,28,128.9,1,0.15,5,0.00082905
2012,12,LE,3,7324,3.4,NA,NA,NA,28,128.9,1,1.7,1,0.000136537
2012,12,LO,3,19365,5.6,0.5517,0.3723,0.721,28,128.9,2,2.8,67,0.00345985
2012,12,MZ,3,44752,0.7,0.378,NA,NA,28,128.9,2,0.35,126,0.002815517
2012,12,PR,3,7324,1.13,NA,NA,NA,28,128.9,0,0.565,3,0.000409612
2012,2,AG,1,69454,0.4,NA,NA,NA,29,143,2,0.2,629,0.009056354
2012,2,CT,1,17161,1.31,NA,NA,NA,29,143,2,0.655,62,0.003612843
2012,2,CU,1,6031,0.42,NA,NA,NA,29,143,1,0.21,26,0.00431106
2012,2,LE,1,7324,0.1,0.5774,0.2691,0.8386,29,143,1,0.05,21,0.002867286
2012,2,LO,1,19365,0.34,0.5477,0.2563,0.808,29,143,2,0.17,139,0.007177898
2012,2,MZ,1,44752,0.36,0.866,0.5763,0.9886,29,143,2,0.18,192,0.004290311
2012,2,PR,1,7324,NA,NA,NA,NA,29,143,0,NA,2,0.000273075
2012,3,AG,1,69454,0.62,NA,NA,NA,29,76.3,2,0.31,563,0.008106085
2012,3,CT,1,17161,1.42,NA,NA,NA,29,76.3,2,0.71,37,0.002156052
2012,3,CU,1,6031,1.06,NA,NA,NA,29,76.3,1,0.53,37,0.006134969
2012,3,LE,1,7324,0.17,0.5774,0.2691,0.8386,29,76.3,1,0.085,8,0.001092299
2012,3,LO,1,19365,0.05,0.5477,0.2563,0.808,29,76.3,2,0.025,64,0.003304932
2012,3,MZ,1,44752,0.68,0.866,0.5763,0.9886,29,76.3,2,0.34,128,0.002860207
2012,3,PR,1,7324,NA,NA,NA,NA,29,76.3,0,NA,3,0.000409612
2012,4,AG,1,69454,14.5,NA,NA,NA,29,117.1,2,7.25,585,0.008422841
2012,4,CT,1,17161,1.55,NA,NA,NA,29,117.1,2,0.775,89,0.005186178
2012,4,CU,1,6031,0.66,NA,NA,NA,29,117.1,1,0.33,22,0.00364782
2012,4,LE,1,7324,0.17,0.5774,0.2691,0.8386,29,117.1,1,0.085,20,0.002730748
2012,4,LO,1,19365,5.2,0.5477,0.2563,0.808,29,117.1,2,2.6,88,0.004544281
2012,4,MZ,1,44752,0.67,0.866,0.5763,0.9886,29,117.1,2,0.335,145,0.003240079
2012,4,PR,1,7324,NA,NA,NA,NA,29,117.1,0,NA,7,0.000955762
2012,5,AG,1,69454,0.51,NA,NA,NA,29,276.2,2,0.255,1129,0.016255363
2012,5,CT,1,17161,1.8,NA,NA,NA,29,276.2,2,0.9,97,0.005652351
2012,5,CU,1,6031,0.37,NA,NA,NA,29,276.2,1,0.185,54,0.008953739
2012,5,LE,1,7324,1.15,0.5774,0.2691,0.8386,29,276.2,1,0.575,52,0.007099945
2012,5,LO,1,19365,8.57,0.5477,0.2563,0.808,29,276.2,2,4.285,171,0.008830364
2012,5,MZ,1,44752,1.15,0.866,0.5763,0.9886,29,276.2,2,0.575,244,0.00545227
2012,5,PR,1,7324,5.6,NA,NA,NA,29,276.2,0,2.8,3,0.000409612
2012,6,AG,2,69454,4.63,0.4578,0.4005,0.516,27,150.9,2,2.315,1783,0.025671668
2012,6,CT,2,17161,2.42,0.4444,0.3747,0.5155,27,150.9,2,1.21,187,0.010896801
2012,6,CU,2,6031,0.71,0.3464,0.1643,0.5543,27,150.9,1,0.355,39,0.006466589
2012,6,LE,2,7324,1.42,0.7071,0.3161,0.9487,27,150.9,1,0.71,46,0.006280721
2012,6,LO,2,19365,6.7,0.4201,0.268,0.5811,27,150.9,2,3.35,235,0.012135296
2012,6,MZ,2,44752,0.92,0.5774,0.4041,0.7375,27,150.9,2,0.46,536,0.011977118
2012,6,PR,2,7324,7.95,NA,NA,NA,27,150.9,0,3.975,10,0.001365374
2012,7,AG,2,69454,2.16,0.4578,0.4005,0.516,26,9.1,2,1.08,1068,0.015377084
2012,7,CT,2,17161,3.17,0.4444,0.3747,0.5155,26,9.1,2,1.585,112,0.006526426
2012,7,CU,2,6031,0.4,0.3464,0.1643,0.5543,26,9.1,1,0.2,26,0.00431106
2012,7,LE,2,7324,1.04,0.7071,0.3161,0.9487,26,9.1,1,0.52,43,0.005871109
2012,7,LO,2,19365,0.25,0.4201,0.268,0.5811,26,9.1,2,0.125,180,0.00929512
2012,7,MZ,2,44752,0.82,0.5774,0.4041,0.7375,26,9.1,2,0.41,242,0.00540758
2012,7,PR,2,7324,1.4,NA,NA,NA,26,9.1,0,0.7,10,0.001365374
2012,8,AG,2,69454,2.72,0.4578,0.4005,0.516,25,11.5,2,1.36,213,0.003066778
2012,8,CT,2,17161,1.71,0.4444,0.3747,0.5155,25,11.5,2,0.855,49,0.002855311
2012,8,CU,2,6031,0.4,0.3464,0.1643,0.5543,25,11.5,1,0.2,7,0.00116067
2012,8,LE,2,7324,0.25,0.7071,0.3161,0.9487,25,11.5,1,0.125,14,0.001911524
2012,8,LO,2,19365,0,0.4201,0.268,0.5811,25,11.5,2,0,68,0.00351149
2012,8,MZ,2,44752,0.42,0.5774,0.4041,0.7375,25,11.5,2,0.21,68,0.001519485
2012,8,PR,2,7324,16.5,NA,NA,NA,25,11.5,0,8.25,0,0
2012,9,AG,2,69454,4.3,0.4578,0.4005,0.516,27,73.6,2,2.15,82,0.001180638
2012,9,CT,2,17161,0.87,0.4444,0.3747,0.5155,27,73.6,2,0.435,27,0.001573335
2012,9,CU,2,6031,0.17,0.3464,0.1643,0.5543,27,73.6,1,0.085,5,0.00082905
2012,9,LE,2,7324,0,0.7071,0.3161,0.9487,27,73.6,1,0,5,0.000682687
2012,9,LO,2,19365,0,0.4201,0.268,0.5811,27,73.6,2,0,35,0.001807384
2012,9,MZ,2,44752,0.17,0.5774,0.4041,0.7375,27,73.6,2,0.085,31,0.000692706
2012,9,PR,2,7324,2.6,NA,NA,NA,27,73.6,0,1.3,0,0
2013,1,AG,1,69800,37.3,0.6807,0.5598,0.7866,29,79.7,2,18.65,340,0.00487106
2013,1,CT,1,17537,2.3,0.7018,0.6109,0.7827,29,79.7,2,1.15,103,0.005873296
2013,1,CU,1,6719,0.35,0.5774,0.4238,0.7207,29,79.7,1,0.175,0,0
2013,1,LE,1,7687,4.1,0.8627,0.7717,0.9272,29,79.7,1,2.05,8,0.001040718
2013,1,LO,1,19939,10.85,0.5199,0.3788,0.6583,29,79.7,2,5.425,82,0.004112543
2013,1,MZ,1,46084,0.25,0.8695,0.7774,0.9334,29,79.7,2,0.125,198,0.004296502
2013,1,PR,1,7687,1.3,NA,NA,NA,29,79.7,0,0.65,2,0.00026018
2013,10,AG,3,69800,1.75,NA,NA,NA,28,242.1,2,0.875,126,0.001805158
2013,10,CT,3,17537,1.95,NA,NA,NA,28,242.1,2,0.975,30,0.001710669
2013,10,CU,3,6719,0.4,NA,NA,NA,28,242.1,1,0.2,4,0.000595327
2013,10,LE,3,7687,0,NA,NA,NA,28,242.1,1,0,3,0.000390269
2013,10,LO,3,19939,3.3,NA,NA,NA,28,242.1,2,1.65,46,0.002307036
2013,10,MZ,3,46084,0,NA,NA,NA,28,242.1,2,0,76,0.001649162
2013,10,PR,3,7687,0.96,NA,NA,NA,28,242.1,0,0.48,0,0
2013,11,AG,3,69800,3.4,NA,NA,NA,29,326.8,2,1.7,130,0.001862464
2013,11,CT,3,17537,1.45,NA,NA,NA,29,326.8,2,0.725,23,0.001311513
2013,11,CU,3,6719,0.45,NA,NA,NA,29,326.8,1,0.225,6,0.00089299
2013,11,LE,3,7687,0.2,NA,NA,NA,29,326.8,1,0.1,6,0.000780539
2013,11,LO,3,19939,3.13,NA,NA,NA,29,326.8,2,1.565,51,0.002557801
2013,11,MZ,3,46084,0,NA,NA,NA,29,326.8,2,0,27,0.000585887
2013,11,PR,3,7687,3.7,NA,NA,NA,29,326.8,0,1.85,0,0
2013,12,AG,3,69800,2.75,NA,NA,NA,29,143.3,2,1.375,61,0.000873926
2013,12,CT,3,17537,1.24,NA,NA,NA,29,143.3,2,0.62,25,0.001425557
2013,12,CU,3,6719,0.24,NA,NA,NA,29,143.3,1,0.12,9,0.001339485
2013,12,LE,3,7687,0.2,NA,NA,NA,29,143.3,1,0.1,34,0.004423052
2013,12,LO,3,19939,0,NA,NA,NA,29,143.3,2,0,50,0.002507648
2013,12,MZ,3,46084,0,NA,NA,NA,29,143.3,2,0,20,0.00043399
2013,12,PR,3,7687,0.04,NA,NA,NA,29,143.3,0,0.02,2,0.00026018
2013,2,AG,1,69800,35.4,0.6807,0.5598,0.7866,29,86.4,2,17.7,329,0.004713467
2013,2,CT,1,17537,5.25,0.7018,0.6109,0.7827,29,86.4,2,2.625,99,0.005645207
2013,2,CU,1,6719,1.2,0.5774,0.4238,0.7207,29,86.4,1,0.6,3,0.000446495
2013,2,LE,1,7687,6,0.8627,0.7717,0.9272,29,86.4,1,3,1,0.00013009
2013,2,LO,1,19939,28.5,0.5199,0.3788,0.6583,29,86.4,2,14.25,66,0.003310096
2013,2,MZ,1,46084,0.65,0.8695,0.7774,0.9334,29,86.4,2,0.325,195,0.004231404
2013,2,PR,1,7687,0.7,NA,NA,NA,29,86.4,0,0.35,1,0.00013009
2013,3,AG,1,69800,28.4,0.6807,0.5598,0.7866,29,99.3,2,14.2,335,0.004799427
2013,3,CT,1,17537,1.6,0.7018,0.6109,0.7827,29,99.3,2,0.8,71,0.004048583
2013,3,CU,1,6719,0.66,0.5774,0.4238,0.7207,29,99.3,1,0.33,17,0.002530138
2013,3,LE,1,7687,3.7,0.8627,0.7717,0.9272,29,99.3,1,1.85,1,0.00013009
2013,3,LO,1,19939,6,0.5199,0.3788,0.6583,29,99.3,2,3,113,0.005667285
2013,3,MZ,1,46084,0.33,0.8695,0.7774,0.9334,29,99.3,2,0.165,257,0.005576773
2013,3,PR,1,7687,0.6,NA,NA,NA,29,99.3,0,0.3,0,0
2013,4,AG,1,69800,36.8,0.6807,0.5598,0.7866,29,68.1,2,18.4,547,0.007836676
2013,4,CT,1,17537,2.4,0.7018,0.6109,0.7827,29,68.1,2,1.2,101,0.005759252
2013,4,CU,1,6719,0.3,0.5774,0.4238,0.7207,29,68.1,1,0.15,31,0.004613782
2013,4,LE,1,7687,2.5,0.8627,0.7717,0.9272,29,68.1,1,1.25,2,0.00026018
2013,4,LO,1,19939,3.45,0.5199,0.3788,0.6583,29,68.1,2,1.725,161,0.008074628
2013,4,MZ,1,46084,0.4,0.8695,0.7774,0.9334,29,68.1,2,0.2,383,0.008310911
2013,4,PR,1,7687,0.84,NA,NA,NA,29,68.1,0,0.42,2,0.00026018
2013,5,AG,1,69800,46,0.6807,0.5598,0.7866,28,135.9,2,23,877,0.01256447
2013,5,CT,1,17537,2.3,0.7018,0.6109,0.7827,28,135.9,2,1.15,191,0.010891258
2013,5,CU,1,6719,0.25,0.5774,0.4238,0.7207,28,135.9,1,0.125,18,0.00267897
2013,5,LE,1,7687,3.6,0.8627,0.7717,0.9272,28,135.9,1,1.8,3,0.000390269
2013,5,LO,1,19939,22.63,0.5199,0.3788,0.6583,28,135.9,2,11.315,219,0.0109835
2013,5,MZ,1,46084,0.15,0.8695,0.7774,0.9334,28,135.9,2,0.075,602,0.013063102
2013,5,PR,1,7687,0.45,NA,NA,NA,28,135.9,0,0.225,2,0.00026018
2013,6,AG,2,69800,3.2,0.866,0.5763,0.9886,27,17.7,2,1.6,802,0.011489971
2013,6,CT,2,17537,1.45,0.8018,0.6705,0.898,27,17.7,2,0.725,130,0.007412898
2013,6,CU,2,6719,0.4,0.8367,0.5892,0.9666,27,17.7,1,0.2,16,0.002381307
2013,6,LE,2,7687,5.15,0.8416,0.7059,0.9314,27,17.7,1,2.575,4,0.000520359
2013,6,LO,2,19939,3.66,0.5774,NA,NA,27,17.7,2,1.83,293,0.014694819
2013,6,MZ,2,46084,0,0,NA,NA,27,17.7,2,0,521,0.011305442
2013,6,PR,2,7687,0.5,NA,NA,NA,27,17.7,0,0.25,0,0
2013,7,AG,2,69800,1.04,0.866,0.5763,0.9886,25,6.8,2,0.52,272,0.003896848
2013,7,CT,2,17537,2.08,0.8018,0.6705,0.898,25,6.8,2,1.04,63,0.003592405
2013,7,CU,2,6719,1.12,0.8367,0.5892,0.9666,25,6.8,1,0.56,24,0.00357196
2013,7,LE,2,7687,6.2,0.8416,0.7059,0.9314,25,6.8,1,3.1,5,0.000650449
2013,7,LO,2,19939,3.2,0.5774,NA,NA,25,6.8,2,1.6,98,0.004914991
2013,7,MZ,2,46084,0,0,NA,NA,25,6.8,2,0,165,0.003580418
2013,7,PR,2,7687,0.48,NA,NA,NA,25,6.8,0,0.24,0,0
2013,8,AG,2,69800,1.9,0.866,0.5763,0.9886,25,5.5,2,0.95,117,0.001676218
2013,8,CT,2,17537,3.25,0.8018,0.6705,0.898,25,5.5,2,1.625,33,0.001881736
2013,8,CU,2,6719,2.3,0.8367,0.5892,0.9666,25,5.5,1,1.15,7,0.001041822
2013,8,LE,2,7687,1.2,0.8416,0.7059,0.9314,25,5.5,1,0.6,1,0.00013009
2013,8,LO,2,19939,0.35,0.5774,NA,NA,25,5.5,2,0.175,79,0.003962084
2013,8,MZ,2,46084,0,0,NA,NA,25,5.5,2,0,60,0.00130197
2013,8,PR,2,7687,0.95,NA,NA,NA,25,5.5,0,0.475,1,0.00013009
2013,9,AG,2,69800,0.92,0.866,0.5763,0.9886,27,9.2,2,0.46,106,0.001518625
2013,9,CT,2,17537,1.7,0.8018,0.6705,0.898,27,9.2,2,0.85,22,0.001254491
2013,9,CU,2,6719,0.64,0.8367,0.5892,0.9666,27,9.2,1,0.32,12,0.00178598
2013,9,LE,2,7687,1.93,0.8416,0.7059,0.9314,27,9.2,1,0.965,0,0
2013,9,LO,2,19939,2.3,0.5774,NA,NA,27,9.2,2,1.15,28,0.001404283
2013,9,MZ,2,46084,0.05,0,NA,NA,27,9.2,2,0.025,46,0.000998177
2013,9,PR,2,7687,1.3,NA,NA,NA,27,9.2,0,0.65,0,0
2014,1,AG,1,71749,2.15,0.4226,0.2543,0.6009,29,109.6,2,1.075,69,0.000961686
2014,1,CT,1,17876,2,0.3922,0.1269,0.6782,29,109.6,2,1,26,0.001454464
2014,1,CU,1,6567,0.25,0.3651,0.1196,0.639,29,109.6,1,0.125,3,0.00045683
2014,1,LE,1,7733,0.05,0.7071,NA,NA,29,109.6,1,0.025,12,0.001551791
2014,1,LO,1,20246,0,0,NA,NA,29,109.6,2,0,26,0.001284204
2014,1,MZ,1,46797,0,0.5774,0.1574,0.8983,29,109.6,2,0,14,0.000299164
2014,1,PR,1,7733,0.8,NA,NA,NA,29,109.6,0,0.4,2,0.000258632
2014,10,AG,3,71749,0.7,0.5,NA,NA,28,197.6,2,0.35,24,0.000334499
2014,10,CT,3,17876,2.65,0,NA,NA,28,197.6,2,1.325,0,0
2014,10,CU,3,6567,0.45,0,NA,NA,28,197.6,1,0.225,0,0
2014,10,LE,3,7733,0.53,0.4767,0.288,0.6671,28,197.6,1,0.265,3,0.000387948
2014,10,LO,3,20246,0.6,0.3974,0.1881,0.6251,28,197.6,2,0.3,3,0.000148177
2014,10,MZ,3,46797,0.15,0,NA,NA,28,197.6,2,0.075,2,4.27E-05
2014,10,PR,3,7733,1.3,0.2236,0.0762,0.4108,28,197.6,0,0.65,0,0
2014,11,AG,3,71749,1.55,0.5,NA,NA,29,379.4,2,0.775,29,0.000404187
2014,11,CT,3,17876,2.45,0,NA,NA,29,379.4,2,1.225,2,0.000111882
2014,11,CU,3,6567,0.1,0,NA,NA,29,379.4,1,0.05,2,0.000304553
2014,11,LE,3,7733,1.06,0.4767,0.288,0.6671,29,379.4,1,0.53,2,0.000258632
2014,11,LO,3,20246,1,0.3974,0.1881,0.6251,29,379.4,2,0.5,11,0.000543317
2014,11,MZ,3,46797,0,0,NA,NA,29,379.4,2,0,6,0.000128213
2014,11,PR,3,7733,1.6,0.2236,0.0762,0.4108,29,379.4,0,0.8,1,0.000129316
2014,12,AG,3,71749,3.26,0.5,NA,NA,29,202.8,2,1.63,44,0.000613249
2014,12,CT,3,17876,0.8,0,NA,NA,29,202.8,2,0.4,8,0.000447527
2014,12,CU,3,6567,0.32,0,NA,NA,29,202.8,1,0.16,2,0.000304553
2014,12,LE,3,7733,0.13,0.4767,0.288,0.6671,29,202.8,1,0.065,1,0.000129316
2014,12,LO,3,20246,1.2,0.3974,0.1881,0.6251,29,202.8,2,0.6,18,0.000889065
2014,12,MZ,3,46797,0.13,0,NA,NA,29,202.8,2,0.065,9,0.00019232
2014,12,PR,3,7733,0.52,0.2236,0.0762,0.4108,29,202.8,0,0.26,0,0
2014,2,AG,1,71749,3.06,0.4226,0.2543,0.6009,30,103.5,2,1.53,49,0.000682936
2014,2,CT,1,17876,1.4,0.3922,0.1269,0.6782,30,103.5,2,0.7,25,0.001398523
2014,2,CU,1,6567,0.2,0.3651,0.1196,0.639,30,103.5,1,0.1,1,0.000152277
2014,2,LE,1,7733,0.15,0.7071,NA,NA,30,103.5,1,0.075,4,0.000517264
2014,2,LO,1,20246,0,0,NA,NA,30,103.5,2,0,19,0.000938457
2014,2,MZ,1,46797,0,0.5774,0.1574,0.8983,30,103.5,2,0,18,0.00038464
2014,2,PR,1,7733,1.85,NA,NA,NA,30,103.5,0,0.925,1,0.000129316
2014,3,AG,1,71749,3.56,0.4226,0.2543,0.6009,30,149.1,2,1.78,84,0.001170748
2014,3,CT,1,17876,2.6,0.3922,0.1269,0.6782,30,149.1,2,1.3,13,0.000727232
2014,3,CU,1,6567,0.25,0.3651,0.1196,0.639,30,149.1,1,0.125,0,0
2014,3,LE,1,7733,0.2,0.7071,NA,NA,30,149.1,1,0.1,1,0.000129316
2014,3,LO,1,20246,1,0,NA,NA,30,149.1,2,0.5,9,0.000444532
2014,3,MZ,1,46797,0,0.5774,0.1574,0.8983,30,149.1,2,0,18,0.00038464
2014,3,PR,1,7733,1.16,NA,NA,NA,30,149.1,0,0.58,0,0
2014,4,AG,1,71749,4,0.4226,0.2543,0.6009,30,118.9,2,2,130,0.001811872
2014,4,CT,1,17876,1.45,0.3922,0.1269,0.6782,30,118.9,2,0.725,21,0.001174759
2014,4,CU,1,6567,0.55,0.3651,0.1196,0.639,30,118.9,1,0.275,0,0
2014,4,LE,1,7733,0.9,0.7071,NA,NA,30,118.9,1,0.45,0,0
2014,4,LO,1,20246,2.6,0,NA,NA,30,118.9,2,1.3,29,0.001432382
2014,4,MZ,1,46797,0,0.5774,0.1574,0.8983,30,118.9,2,0,29,0.000619698
2014,4,PR,1,7733,1.15,NA,NA,NA,30,118.9,0,0.575,1,0.000129316
2014,5,AG,1,71749,4.55,0.4226,0.2543,0.6009,30,174.1,2,2.275,183,0.002550558
2014,5,CT,1,17876,2.25,0.3922,0.1269,0.6782,30,174.1,2,1.125,16,0.000895055
2014,5,CU,1,6567,0.4,0.3651,0.1196,0.639,30,174.1,1,0.2,2,0.000304553
2014,5,LE,1,7733,0.66,0.7071,NA,NA,30,174.1,1,0.33,6,0.000775896
2014,5,LO,1,20246,3.6,0,NA,NA,30,174.1,2,1.8,42,0.002074484
2014,5,MZ,1,46797,0,0.5774,0.1574,0.8983,30,174.1,2,0,56,0.001196658
2014,5,PR,1,7733,1.5,NA,NA,NA,30,174.1,0,0.75,0,0
2014,6,AG,2,71749,2.48,0.4082,NA,NA,28,31.9,2,1.24,270,0.003763119
2014,6,CT,2,17876,2.36,0.6831,0.4696,0.8519,28,31.9,2,1.18,16,0.000895055
2014,6,CU,2,6567,0.36,0.6489,0.4589,0.8097,28,31.9,1,0.18,2,0.000304553
2014,6,LE,2,7733,6.32,0.7303,0.5237,0.8829,28,31.9,1,3.16,16,0.002069055
2014,6,LO,2,20246,0.72,0.5345,0.1551,0.8554,28,31.9,2,0.36,76,0.003753828
2014,6,MZ,2,46797,0,0,NA,NA,28,31.9,2,0,62,0.001324871
2014,6,PR,2,7733,0.88,NA,NA,NA,28,31.9,0,0.44,0,0
2014,7,AG,2,71749,1.2,0.4082,NA,NA,26,4.3,2,0.6,78,0.001087123
2014,7,CT,2,17876,1.2,0.6831,0.4696,0.8519,26,4.3,2,0.6,14,0.000783173
2014,7,CU,2,6567,0.65,0.6489,0.4589,0.8097,26,4.3,1,0.325,3,0.00045683
2014,7,LE,2,7733,5.35,0.7303,0.5237,0.8829,26,4.3,1,2.675,10,0.001293159
2014,7,LO,2,20246,0.3,0.5345,0.1551,0.8554,26,4.3,2,0.15,42,0.002074484
2014,7,MZ,2,46797,0,0,NA,NA,26,4.3,2,0,22,0.000470116
2014,7,PR,2,7733,1.16,NA,NA,NA,26,4.3,0,0.58,1,0.000129316
2014,8,AG,2,71749,0.15,0.4082,NA,NA,26,13.4,2,0.075,14,0.000195125
2014,8,CT,2,17876,1.35,0.6831,0.4696,0.8519,26,13.4,2,0.675,2,0.000111882
2014,8,CU,2,6567,0.45,0.6489,0.4589,0.8097,26,13.4,1,0.225,0,0
2014,8,LE,2,7733,0.9,0.7303,0.5237,0.8829,26,13.4,1,0.45,9,0.001163843
2014,8,LO,2,20246,0.1,0.5345,0.1551,0.8554,26,13.4,2,0.05,11,0.000543317
2014,8,MZ,2,46797,0,0,NA,NA,26,13.4,2,0,8,0.000170951
2014,8,PR,2,7733,1.15,NA,NA,NA,26,13.4,0,0.575,0,0
2014,9,AG,2,71749,0.13,0.4082,NA,NA,27,20.2,2,0.065,10,0.000139375
2014,9,CT,2,17876,2.24,0.6831,0.4696,0.8519,27,20.2,2,1.12,2,0.000111882
2014,9,CU,2,6567,0.65,0.6489,0.4589,0.8097,27,20.2,1,0.325,3,0.00045683
2014,9,LE,2,7733,2.33,0.7303,0.5237,0.8829,27,20.2,1,1.165,4,0.000517264
2014,9,LO,2,20246,0.36,0.5345,0.1551,0.8554,27,20.2,2,0.18,2,9.88E-05
2014,9,MZ,2,46797,0,0,NA,NA,27,20.2,2,0,1,2.14E-05
2014,9,PR,2,7733,0.65,NA,NA,NA,27,20.2,0,0.325,0,0
2015,1,AG,1,72671,2.73,0.3892,0.2337,0.5583,30,91.2,2,1.365,65,0.000894442
2015,1,CT,1,18257,NA,0.5,0.1505,0.8172,30,91.2,2,NA,11,0.000602509
2015,1,CU,1,6998,0.3,0.3922,0.1269,0.6782,30,91.2,1,0.15,1,0.000142898
2015,1,LE,1,8001,0.15,0.559,0.3401,0.7603,30,91.2,1,0.075,1,0.000124984
2015,1,LO,1,20759,0,0.2236,NA,NA,30,91.2,2,0,23,0.001107953
2015,1,MZ,1,47977,0,0.5976,0.3649,0.8004,30,91.2,2,0,13,0.000270963
2015,1,PR,1,8001,0.55,0.1826,NA,NA,30,91.2,0,0.275,1,0.000124984
2015,10,AG,3,72671,1.93,0.4804,0.3081,0.654,29,254.3,2,0.965,29,0.000399059
2015,10,CT,3,18257,2.45,0.2041,NA,NA,29,254.3,2,1.225,2,0.000109547
2015,10,CU,3,6998,0.55,0.343,0.1133,0.6058,29,254.3,1,0.275,0,0
2015,10,LE,3,8001,4.3,0.6831,0.4696,0.8519,29,254.3,1,2.15,22,0.002749656
2015,10,LO,3,20759,0.6,0.2722,0.0918,0.493,29,254.3,2,0.3,10,0.000481719
2015,10,MZ,3,47977,0,NA,NA,NA,29,254.3,2,0,3,6.25E-05
2015,10,PR,3,8001,0.85,0.4264,0.2351,0.6288,29,254.3,0,0.425,0,0
2015,11,AG,3,72671,3.65,0.4804,0.3081,0.654,30,208.3,2,1.825,54,0.000743075
2015,11,CT,3,18257,2.54,0.2041,NA,NA,30,208.3,2,1.27,3,0.000164321
2015,11,CU,3,6998,0.48,0.343,0.1133,0.6058,30,208.3,1,0.24,0,0
2015,11,LE,3,8001,1.32,0.6831,0.4696,0.8519,30,208.3,1,0.66,22,0.002749656
2015,11,LO,3,20759,0.84,0.2722,0.0918,0.493,30,208.3,2,0.42,41,0.001975047
2015,11,MZ,3,47977,0,NA,NA,NA,30,208.3,2,0,3,6.25E-05
2015,11,PR,3,8001,2.28,0.4264,0.2351,0.6288,30,208.3,0,1.14,0,0
2015,12,AG,3,72671,1.45,0.4804,0.3081,0.654,31,125.5,2,0.725,58,0.000798118
2015,12,CT,3,18257,2.7,0.2041,NA,NA,31,125.5,2,1.35,4,0.000219094
2015,12,CU,3,6998,0.05,0.343,0.1133,0.6058,31,125.5,1,0.025,1,0.000142898
2015,12,LE,3,8001,2.4,0.6831,0.4696,0.8519,31,125.5,1,1.2,3,0.000374953
2015,12,LO,3,20759,0.85,0.2722,0.0918,0.493,31,125.5,2,0.425,18,0.000867094
2015,12,MZ,3,47977,0,NA,NA,NA,31,125.5,2,0,13,0.000270963
2015,12,PR,3,8001,0.35,0.4264,0.2351,0.6288,31,125.5,0,0.175,0,0
2015,2,AG,1,72671,1.6,0.3892,0.2337,0.5583,31,138.5,2,0.8,75,0.001032049
2015,2,CT,1,18257,4.6,0.5,0.1505,0.8172,31,138.5,2,2.3,11,0.000602509
2015,2,CU,1,6998,0.73,0.3922,0.1269,0.6782,31,138.5,1,0.365,1,0.000142898
2015,2,LE,1,8001,0.66,0.559,0.3401,0.7603,31,138.5,1,0.33,3,0.000374953
2015,2,LO,1,20759,0.33,0.2236,NA,NA,31,138.5,2,0.165,23,0.001107953
2015,2,MZ,1,47977,0,0.5976,0.3649,0.8004,31,138.5,2,0,6,0.00012506
2015,2,PR,1,8001,0.35,0.1826,NA,NA,31,138.5,0,0.175,1,0.000124984
2015,3,AG,1,72671,8.65,0.3892,0.2337,0.5583,31,131.5,2,4.325,48,0.000660511
2015,3,CT,1,18257,4.44,0.5,0.1505,0.8172,31,131.5,2,2.22,3,0.000164321
2015,3,CU,1,6998,0.56,0.3922,0.1269,0.6782,31,131.5,1,0.28,2,0.000285796
2015,3,LE,1,8001,0.68,0.559,0.3401,0.7603,31,131.5,1,0.34,1,0.000124984
2015,3,LO,1,20759,1.05,0.2236,NA,NA,31,131.5,2,0.525,21,0.001011609
2015,3,MZ,1,47977,0,0.5976,0.3649,0.8004,31,131.5,2,0,5,0.000104217
2015,3,PR,1,8001,0.8,0.1826,NA,NA,31,131.5,0,0.4,0,0
2015,4,AG,1,72671,7.07,0.3892,0.2337,0.5583,31,117,2,3.535,136,0.001871448
2015,4,CT,1,18257,3.65,0.5,0.1505,0.8172,31,117,2,1.825,13,0.000712056
2015,4,CU,1,6998,0.2,0.3922,0.1269,0.6782,31,117,1,0.1,3,0.000428694
2015,4,LE,1,8001,1.2,0.559,0.3401,0.7603,31,117,1,0.6,7,0.000874891
2015,4,LO,1,20759,2.35,0.2236,NA,NA,31,117,2,1.175,40,0.001926875
2015,4,MZ,1,47977,0,0.5976,0.3649,0.8004,31,117,2,0,7,0.000145903
2015,4,PR,1,8001,0.95,0.1826,NA,NA,31,117,0,0.475,0,0
2015,5,AG,1,72671,11.2,0.3892,0.2337,0.5583,31,121.6,2,5.6,188,0.002587002
2015,5,CT,1,18257,2.25,0.5,0.1505,0.8172,31,121.6,2,1.125,24,0.001314564
2015,5,CU,1,6998,0,0.3922,0.1269,0.6782,31,121.6,1,0,12,0.001714776
2015,5,LE,1,8001,0.75,0.559,0.3401,0.7603,31,121.6,1,0.375,8,0.000999875
2015,5,LO,1,20759,1.3,0.2236,NA,NA,31,121.6,2,0.65,63,0.003034828
2015,5,MZ,1,47977,0,0.5976,0.3649,0.8004,31,121.6,2,0,14,0.000291806
2015,5,PR,1,8001,1.25,0.1826,NA,NA,31,121.6,0,0.625,0,0
2015,6,AG,2,72671,1.47,0.25,0.0848,0.4559,28,6.6,2,0.735,291,0.004004348
2015,6,CT,2,18257,2.68,NA,NA,NA,28,6.6,2,1.34,29,0.001588432
2015,6,CU,2,6998,0.28,0,NA,NA,28,6.6,1,0.14,8,0.001143184
2015,6,LE,2,8001,2.16,0.3922,0.1269,0.6782,28,6.6,1,1.08,10,0.001249844
2015,6,LO,2,20759,0.68,0.4714,0.1454,0.7832,28,6.6,2,0.34,115,0.005539766
2015,6,MZ,2,47977,0,NA,NA,NA,28,6.6,2,0,23,0.000479396
2015,6,PR,2,8001,0.12,NA,NA,NA,28,6.6,0,0.06,0,0
2015,7,AG,2,72671,0.95,0.25,0.0848,0.4559,27,20.5,2,0.475,106,0.001458629
2015,7,CT,2,18257,2.4,NA,NA,NA,27,20.5,2,1.2,6,0.000328641
2015,7,CU,2,6998,0.25,0,NA,NA,27,20.5,1,0.125,1,0.000142898
2015,7,LE,2,8001,2.75,0.3922,0.1269,0.6782,27,20.5,1,1.375,2,0.000249969
2015,7,LO,2,20759,0.15,0.4714,0.1454,0.7832,27,20.5,2,0.075,50,0.002408594
2015,7,MZ,2,47977,0,NA,NA,NA,27,20.5,2,0,25,0.000521083
2015,7,PR,2,8001,0.1,NA,NA,NA,27,20.5,0,0.05,0,0
2015,8,AG,2,72671,2.56,0.25,0.0848,0.4559,27,26.7,2,1.28,84,0.001155894
2015,8,CT,2,18257,2.08,NA,NA,NA,27,26.7,2,1.04,0,0
2015,8,CU,2,6998,0.08,0,NA,NA,27,26.7,1,0.04,0,0
2015,8,LE,2,8001,1.64,0.3922,0.1269,0.6782,27,26.7,1,0.82,11,0.001374828
2015,8,LO,2,20759,0.24,0.4714,0.1454,0.7832,27,26.7,2,0.12,12,0.000578063
2015,8,MZ,2,47977,0,NA,NA,NA,27,26.7,2,0,9,0.00018759
2015,8,PR,2,8001,0.8,NA,NA,NA,27,26.7,0,0.4,0,0
2015,9,AG,2,72671,2.9,0.25,0.0848,0.4559,28,58.4,2,1.45,38,0.000522905
2015,9,CT,2,18257,2.95,NA,NA,NA,28,58.4,2,1.475,3,0.000164321
2015,9,CU,2,6998,0.9,0,NA,NA,28,58.4,1,0.45,0,0
2015,9,LE,2,8001,1.95,0.3922,0.1269,0.6782,28,58.4,1,0.975,5,0.000624922
2015,9,LO,2,20759,0,0.4714,0.1454,0.7832,28,58.4,2,0,9,0.000433547
2015,9,MZ,2,47977,0,NA,NA,NA,28,58.4,2,0,4,8.34E-05
2015,9,PR,2,8001,0.4,NA,NA,NA,28,58.4,0,0.2,0,0
2016,1,AG,1,74716,1.13,0.4264,0.2722,0.5889,31,133.2,2,0.565,87,0.001164409
2016,1,CT,1,18617,2.3,0.2774,NA,NA,31,133.2,2,1.15,6,0.000322286
2016,1,CU,1,6836,1.15,0,NA,NA,31,133.2,1,0.575,2,0.000292569
2016,1,LE,1,8050,2.2,0.527,0.3198,0.7252,31,133.2,1,1.1,6,0.000745342
2016,1,LO,1,21084,0.27,0,NA,NA,31,133.2,2,0.135,13,0.000616581
2016,1,MZ,1,48732,0,0.603,0.3346,0.8293,31,133.2,2,0,3,6.16E-05
2016,1,PR,1,8050,0.5,0,NA,NA,31,133.2,0,0.25,0,0
2016,10,AG,3,74716,NA,0.378,NA,NA,29,336,2,NA,60,0.000803041
2016,10,CT,3,18617,1.36,0.5774,0.1574,0.8983,29,336,2,0.68,7,0.000376
2016,10,CU,3,6836,0.5,0,NA,NA,29,336,1,0.25,0,0
2016,10,LE,3,8050,1.47,NA,NA,NA,29,336,1,0.735,27,0.003354037
2016,10,LO,3,21084,1.5,0.2887,NA,NA,29,336,2,0.75,21,0.000996016
2016,10,MZ,3,48732,0,0.603,0.3346,0.8293,29,336,2,0,5,0.000102602
2016,10,PR,3,8050,0.76,0,NA,NA,29,336,0,0.38,0,0
2016,11,AG,3,74716,3.3,0.378,NA,NA,30,292.5,2,1.65,62,0.000829809
2016,11,CT,3,18617,0.25,0.5774,0.1574,0.8983,30,292.5,2,0.125,2,0.000107429
2016,11,CU,3,6836,0.3,0,NA,NA,30,292.5,1,0.15,0,0
2016,11,LE,3,8050,0.2,NA,NA,NA,30,292.5,1,0.1,19,0.002360248
2016,11,LO,3,21084,1.7,0.2887,NA,NA,30,292.5,2,0.85,18,0.000853728
2016,11,MZ,3,48732,0,0.603,0.3346,0.8293,30,292.5,2,0,8,0.000164163
2016,11,PR,3,8050,NA,0,NA,NA,30,292.5,0,NA,0,0
2016,12,AG,3,74716,NA,0.378,NA,NA,30,174.4,2,NA,79,0.001057337
2016,12,CT,3,18617,NA,0.5774,0.1574,0.8983,30,174.4,2,NA,2,0.000107429
2016,12,CU,3,6836,NA,0,NA,NA,30,174.4,1,NA,2,0.000292569
2016,12,LE,3,8050,NA,NA,NA,NA,30,174.4,1,NA,23,0.002857143
2016,12,LO,3,21084,NA,0.2887,NA,NA,30,174.4,2,NA,25,0.001185733
2016,12,MZ,3,48732,NA,0.603,0.3346,0.8293,30,174.4,2,NA,11,0.000225724
2016,12,PR,3,8050,NA,0,NA,NA,30,174.4,0,NA,0,0
2016,2,AG,1,74716,2.04,0.4264,0.2722,0.5889,31,69.6,2,1.02,40,0.000535361
2016,2,CT,1,18617,2.44,0.2774,NA,NA,31,69.6,2,1.22,1,5.37E-05
2016,2,CU,1,6836,1.28,0,NA,NA,31,69.6,1,0.64,0,0
2016,2,LE,1,8050,2.12,0.527,0.3198,0.7252,31,69.6,1,1.06,2,0.000248447
2016,2,LO,1,21084,0.4,0,NA,NA,31,69.6,2,0.2,25,0.001185733
2016,2,MZ,1,48732,0,0.603,0.3346,0.8293,31,69.6,2,0,4,8.21E-05
2016,2,PR,1,8050,0.4,0,NA,NA,31,69.6,0,0.2,0,0
2016,3,AG,1,74716,3.7,0.4264,0.2722,0.5889,31,212.7,2,1.85,95,0.001271481
2016,3,CT,1,18617,2.73,0.2774,NA,NA,31,212.7,2,1.365,5,0.000268572
2016,3,CU,1,6836,0.73,0,NA,NA,31,212.7,1,0.365,1,0.000146284
2016,3,LE,1,8050,1.7,0.527,0.3198,0.7252,31,212.7,1,0.85,8,0.000993789
2016,3,LO,1,21084,0.3,0,NA,NA,31,212.7,2,0.15,26,0.001233163
2016,3,MZ,1,48732,0,0.603,0.3346,0.8293,31,212.7,2,0,5,0.000102602
2016,3,PR,1,8050,0.4,0,NA,NA,31,212.7,0,0.2,0,0
2016,4,AG,1,74716,3.9,0.4264,0.2722,0.5889,32,148,2,1.95,135,0.001806842
2016,4,CT,1,18617,2.4,0.2774,NA,NA,32,148,2,1.2,5,0.000268572
2016,4,CU,1,6836,1.15,0,NA,NA,32,148,1,0.575,0,0
2016,4,LE,1,8050,0.6,0.527,0.3198,0.7252,32,148,1,0.3,31,0.003850932
2016,4,LO,1,21084,0.6,0,NA,NA,32,148,2,0.3,31,0.001470309
2016,4,MZ,1,48732,0,0.603,0.3346,0.8293,32,148,2,0,13,0.000266765
2016,4,PR,1,8050,0.3,0,NA,NA,32,148,0,0.15,2,0.000248447
2016,5,AG,1,74716,2.2,0.4264,0.2722,0.5889,30,153.3,2,1.1,290,0.003881364
2016,5,CT,1,18617,4.24,0.2774,NA,NA,30,153.3,2,2.12,19,0.001020573
2016,5,CU,1,6836,0.4,0,NA,NA,30,153.3,1,0.2,0,0
2016,5,LE,1,8050,0.88,0.527,0.3198,0.7252,30,153.3,1,0.44,13,0.001614907
2016,5,LO,1,21084,1.7,0,NA,NA,30,153.3,2,0.85,37,0.001754885
2016,5,MZ,1,48732,0,0.603,0.3346,0.8293,30,153.3,2,0,30,0.000615612
2016,5,PR,1,8050,0.64,0,NA,NA,30,153.3,0,0.32,3,0.000372671
2016,6,AG,2,74716,1.5,0.6794,0.446,0.861,29,31.7,2,0.75,185,0.002476043
2016,6,CT,2,18617,3.45,0.5,NA,NA,29,31.7,2,1.725,8,0.000429715
2016,6,CU,2,6836,0.87,0,NA,NA,29,31.7,1,0.435,0,0
2016,6,LE,2,8050,1.7,0.6325,0.1512,0.9456,29,31.7,1,0.85,17,0.002111801
2016,6,LO,2,21084,0.93,NA,NA,NA,29,31.7,2,0.465,34,0.001612597
2016,6,MZ,2,48732,0,NA,NA,NA,29,31.7,2,0,24,0.00049249
2016,6,PR,2,8050,0.95,0.25,NA,NA,29,31.7,0,0.475,2,0.000248447
2016,7,AG,2,74716,1.2,0.6794,0.446,0.861,28,11.7,2,0.6,106,0.001418705
2016,7,CT,2,18617,2.27,0.5,NA,NA,28,11.7,2,1.135,6,0.000322286
2016,7,CU,2,6836,0.67,0,NA,NA,28,11.7,1,0.335,0,0
2016,7,LE,2,8050,4.13,0.6325,0.1512,0.9456,28,11.7,1,2.065,18,0.002236025
2016,7,LO,2,21084,0.33,NA,NA,NA,28,11.7,2,0.165,13,0.000616581
2016,7,MZ,2,48732,0,NA,NA,NA,28,11.7,2,0,15,0.000307806
2016,7,PR,2,8050,0.5,0.25,NA,NA,28,11.7,0,0.25,0,0
2016,8,AG,2,74716,0.2,0.6794,0.446,0.861,28,51.9,2,0.1,39,0.000521977
2016,8,CT,2,18617,3.05,0.5,NA,NA,28,51.9,2,1.525,1,5.37E-05
2016,8,CU,2,6836,0.36,0,NA,NA,28,51.9,1,0.18,0,0
2016,8,LE,2,8050,1,0.6325,0.1512,0.9456,28,51.9,1,0.5,7,0.000869565
2016,8,LO,2,21084,0,NA,NA,NA,28,51.9,2,0,10,0.000474293
2016,8,MZ,2,48732,0,NA,NA,NA,28,51.9,2,0,6,0.000123122
2016,8,PR,2,8050,0.52,0.25,NA,NA,28,51.9,0,0.26,0,0
2016,9,AG,2,74716,0.1,0.6794,0.446,0.861,29,51.2,2,0.05,39,0.000521977
2016,9,CT,2,18617,2.07,0.5,NA,NA,29,51.2,2,1.035,1,5.37E-05
2016,9,CU,2,6836,0.6,0,NA,NA,29,51.2,1,0.3,0,0
2016,9,LE,2,8050,1.2,0.6325,0.1512,0.9456,29,51.2,1,0.6,24,0.002981366
2016,9,LO,2,21084,0.3,NA,NA,NA,29,51.2,2,0.15,10,0.000474293
2016,9,MZ,2,48732,0,NA,NA,NA,29,51.2,2,0,6,0.000123122
2016,9,PR,2,8050,0.85,0.25,NA,NA,29,51.2,0,0.425,0,0
