locus,Category,Pool,GeneID,Gene,Reason_to_include,AA_range,Present_in_pool5,Insert_start,Insert_end,Insert_size,Amplicon_start,Amplicon_end,Amplicon_size,Primer_size,Heterozygosity,Chromosome,Target,Target_name,locus_new
Pf3D7_01_v3-145388-145662-1A,Diversity,1A,,,,,,145421,145630,209,145388,145662,274,65,0.679627,ch01,div001,ch01_div001,Pf01-0145420-0145630
Pf3D7_01_v3-162867-163115-1A,Diversity,1A,,,,,,162889,163092,203,162867,163115,248,45,0.674106,ch01,div002,ch01_div002,Pf01-0162888-0163092
Pf3D7_01_v3-181512-181761-1A,Diversity,1A,,,,,,181545,181729,184,181512,181761,249,65,0.724015,ch01,div003,ch01_div003,Pf01-0181544-0181729
Pf3D7_01_v3-455794-456054-1A,Diversity,1A,,,,,,455827,456021,194,455794,456054,260,66,0.579649,ch01,div004,ch01_div004,Pf01-0455826-0456021
Pf3D7_01_v3-528859-529104-1A,Diversity,1A,,,,,,528890,529073,183,528859,529104,245,62,0.843072,ch01,div005,ch01_div005,Pf01-0528889-0529073
Pf3D7_01_v3-535965-536239-1A,Diversity,1A,,,,,,535995,536206,211,535965,536239,274,63,0.844966,ch01,div006,ch01_div006,Pf01-0535994-0536206
Pf3D7_02_v3-290580-290821-1A,Diversity,1A,,,,,,290611,290789,178,290580,290821,241,63,0.744022,ch02,div007,ch02_div007,Pf02-0290610-0290789
Pf3D7_02_v3-291770-292017-1A,Diversity,1A,,,,,,291802,291984,182,291770,292017,247,65,0.76539,ch02,div008,ch02_div008,Pf02-0291801-0291984
Pf3D7_02_v3-470437-470709-1A,Diversity,1A,,,,,,470470,470676,206,470437,470709,272,66,0.667673,ch02,div009,ch02_div009,Pf02-0470469-0470676
Pf3D7_02_v3-503040-503288-1A,Diversity,1A,,,,,,503072,503260,188,503040,503288,248,60,0.511005,ch02,div010,ch02_div010,Pf02-0503071-0503260
Pf3D7_02_v3-628941-629172-1A,Diversity,1A,,,,,,628974,629143,169,628941,629172,231,62,0.605641,ch02,div011,ch02_div011,Pf02-0628973-0629143
Pf3D7_02_v3-630641-630907-1A,Diversity,1A,,,,,,630674,630874,200,630641,630907,266,66,0.636755,ch02,div012,ch02_div012,Pf02-0630673-0630874
Pf3D7_03_v3-85507-85756-1A,Diversity,1A,,,,,,85540,85723,183,85507,85756,249,66,0.670425,ch03,div013,ch03_div013,Pf03-0085539-0085723
Pf3D7_03_v3-515418-515657-1A,Diversity,1A,,,,,,515441,515629,188,515418,515657,239,51,0.565672,ch03,div014,ch03_div014,Pf03-0515440-0515629
Pf3D7_03_v3-653961-654206-1A,Diversity,1A,,,,,,653994,654177,183,653961,654206,245,62,0.547789,ch03,div015,ch03_div015,Pf03-0653993-0654177
Pf3D7_03_v3-855426-855697-1A,Diversity,1A,,,,,,855456,855664,208,855426,855697,271,63,0.63048,ch03,div016,ch03_div016,Pf03-0855455-0855664
Pf3D7_03_v3-891553-891827-1A,Diversity,1A,,,,,,891586,891794,208,891553,891827,274,66,0.864883,ch03,div017,ch03_div017,Pf03-0891585-0891794
Pf3D7_04_v3-109939-110184-1A,Diversity,1A,,,,,,109962,110151,189,109939,110184,245,56,0.750995,ch04,div018,ch04_div018,Pf04-0109961-0110151
Pf3D7_04_v3-115455-115684-1A,Diversity,1A,,,,,,115484,115652,168,115455,115684,229,61,0.842943,ch04,div019,ch04_div019,Pf04-0115483-0115652
Pf3D7_04_v3-133581-133830-1A,Diversity,1A,,,,,,133613,133801,188,133581,133830,249,61,0.571054,ch04,div020,ch04_div020,Pf04-0133612-0133801
Pf3D7_04_v3-133928-134154-1A,Diversity,1A,,,,,,133961,134121,160,133928,134154,226,66,0.54919,ch04,div021,ch04_div021,Pf04-0133960-0134121
Pf3D7_04_v3-140317-140548-1A,Diversity,1A,,,,,,140350,140516,166,140317,140548,231,65,0.507649,ch04,div022,ch04_div022,Pf04-0140349-0140516
Pf3D7_04_v3-141741-141990-1A,Diversity,1A,,,,,,141762,141957,195,141741,141990,249,54,0.631241,ch04,div023,ch04_div023,Pf04-0141761-0141957
Pf3D7_04_v3-284121-284364-1A,Diversity,1A,,,,,,284154,284333,179,284121,284364,243,64,0.586855,ch04,div024,ch04_div024,Pf04-0284153-0284333
Pf3D7_04_v3-316593-316858-1A,Diversity,1A,,,,,,316624,316825,201,316593,316858,265,64,0.445503,ch04,div025,ch04_div025,Pf04-0316623-0316825
Pf3D7_04_v3-544454-544718-1A,Diversity,1A,,,,,,544487,544685,198,544454,544718,264,66,0.801016,ch04,div026,ch04_div026,Pf04-0544486-0544685
Pf3D7_04_v3-648065-648332-1A,Diversity,1A,,,,,,648097,648299,202,648065,648332,267,65,0.59098,ch04,div027,ch04_div027,Pf04-0648096-0648299
Pf3D7_04_v3-900526-900759-1A,Diversity,1A,,,,,,900559,900729,170,900526,900759,233,63,0.536406,ch04,div028,ch04_div028,Pf04-0900558-0900729
Pf3D7_04_v3-1005938-1006187-1A,Diversity,1A,,,,,,1005971,1006155,184,1005938,1006187,249,65,0.750812,ch04,div029,ch04_div029,Pf04-1005970-1006155
Pf3D7_04_v3-1037644-1037891-1A,Diversity,1A,,,,,,1037677,1037859,182,1037644,1037891,247,65,0.503477,ch04,div030,ch04_div030,Pf04-1037676-1037859
Pf3D7_04_v3-1113397-1113639-1A,Diversity,1A,,,,,,1113422,1113612,190,1113397,1113639,242,52,0.666039,ch04,div031,ch04_div031,Pf04-1113421-1113612
Pf3D7_05_v3-213027-213251-1A,Diversity,1A,,,,,,213060,213219,159,213027,213251,224,65,0.837785,ch05,div032,ch05_div032,Pf05-0213059-0213219
Pf3D7_05_v3-350808-351052-1A,Diversity,1A,,,,,,350841,351019,178,350808,351052,244,66,0.783223,ch05,div033,ch05_div033,Pf05-0350840-0351019
Pf3D7_05_v3-369676-369949-1A,Diversity,1A,,,,,,369706,369916,210,369676,369949,273,63,0.571254,ch05,div034,ch05_div034,NA
Pf3D7_05_v3-395887-396136-1A,Diversity,1A,,,,,,395920,396103,183,395887,396136,249,66,0.839444,ch05,div035,ch05_div035,Pf05-0395919-0396103
Pf3D7_05_v3-550803-551072-1A,Diversity,1A,,,,,,550835,551043,208,550803,551072,269,61,0.754304,ch05,div036,ch05_div036,Pf05-0550834-0551043
Pf3D7_05_v3-641131-641404-1A,Diversity,1A,,,,,,641163,641373,210,641131,641404,273,63,0.620779,ch05,div037,ch05_div037,Pf05-0641162-0641373
Pf3D7_05_v3-668763-669004-1A,Diversity,1A,,,,,,668788,668979,191,668763,669004,241,50,0.861492,ch05,div038,ch05_div038,Pf05-0668787-0668979
Pf3D7_05_v3-796518-796759-1A,Diversity,1A,,,,,,796551,796728,177,796518,796759,241,64,0.721775,ch05,div039,ch05_div039,Pf05-0796550-0796728
Pf3D7_05_v3-1188456-1188706-1A,Diversity,1A,,,,,,1188489,1188673,184,1188456,1188706,250,66,0.829309,ch05,div040,ch05_div040,Pf05-1188488-1188673
Pf3D7_05_v3-1322099-1322341-1A,Diversity,1A,,,,,,1322132,1322313,181,1322099,1322341,242,61,0.803522,ch05,div041,ch05_div041,Pf05-1322131-1322313
Pf3D7_06_v3-145285-145531-1A,Diversity,1A,,,,,,145318,145502,184,145285,145531,246,62,0.572648,ch06,div042,ch06_div042,Pf06-0145317-0145502
Pf3D7_06_v3-176108-176338-1A,Diversity,1A,,,,,,176139,176305,166,176108,176338,230,64,0.716071,ch06,div043,ch06_div043,Pf06-0176138-0176305
Pf3D7_06_v3-416462-416720-1A,Diversity,1A,,,,,,416487,416688,201,416462,416720,258,57,0.454436,ch06,div044,ch06_div044,Pf06-0416486-0416688
Pf3D7_06_v3-532166-532407-1A,Diversity,1A,,,,,,532195,532380,185,532166,532407,241,56,0.821875,ch06,div045,ch06_div045,Pf06-0532194-0532380
Pf3D7_06_v3-851492-851765-1A,Diversity,1A,,,,,,851516,851740,224,851492,851765,273,49,0.746297,ch06,div046,ch06_div046,Pf06-0851515-0851740
Pf3D7_06_v3-1115900-1116168-1A,Diversity,1A,,,,,,1115932,1116136,204,1115900,1116168,268,64,0.570237,ch06,div047,ch06_div047,Pf06-1115931-1116136
Pf3D7_06_v3-1128558-1128797-1A,Diversity,1A,,,,,,1128591,1128771,180,1128558,1128797,239,59,0.552832,ch06,div048,ch06_div048,Pf06-1128590-1128771
Pf3D7_06_v3-1135605-1135855-1A,Diversity,1A,,,,,,1135638,1135827,189,1135605,1135855,250,61,0.503364,ch06,div049,ch06_div049,Pf06-1135637-1135827
Pf3D7_06_v3-1136091-1136364-1A,Diversity,1A,,,,,,1136122,1136332,210,1136091,1136364,273,63,0.522601,ch06,div050,ch06_div050,Pf06-1136121-1136332
Pf3D7_06_v3-1140900-1141174-1A,Diversity,1A,,,,,,1140925,1141141,216,1140900,1141174,274,58,0.494801,ch06,div051,ch06_div051,Pf06-1140924-1141141
Pf3D7_06_v3-1192628-1192867-1A,Diversity,1A,,,,,,1192660,1192836,176,1192628,1192867,239,63,0.505507,ch06,div052,ch06_div052,Pf06-1192659-1192836
Pf3D7_06_v3-1197245-1197515-1A,Diversity,1A,,,,,,1197278,1197483,205,1197245,1197515,270,65,0.463915,ch06,div053,ch06_div053,Pf06-1197277-1197483
Pf3D7_06_v3-1235395-1235658-1A,Diversity,1A,,,,,,1235428,1235625,197,1235395,1235658,263,66,0.504715,ch06,div054,ch06_div054,Pf06-1235427-1235625
Pf3D7_06_v3-1282656-1282930-1A,Diversity,1A,,,,,,1282688,1282898,210,1282656,1282930,274,64,0.692355,ch06,div055,ch06_div055,Pf06-1282687-1282898
Pf3D7_07_v3-105172-105442-1A,Diversity,1A,,,,,,105201,105414,213,105172,105442,270,57,0.790708,ch07,div056,ch07_div056,Pf07-0105200-0105414
Pf3D7_07_v3-432832-433091-1A,Diversity,1A,,,,,,432856,433064,208,432832,433091,259,51,0.761413,ch07,div057,ch07_div057,Pf07-0432855-0433064
Pf3D7_07_v3-475313-475545-1A,Diversity,1A,,,,,,475344,475512,168,475313,475545,232,64,0.521928,ch07,div058,ch07_div058,Pf07-0475343-0475512
Pf3D7_07_v3-627351-627625-1A,Diversity,1A,,,,,,627382,627592,210,627351,627625,274,64,0.787494,ch07,div059,ch07_div059,Pf07-0627381-0627592
Pf3D7_07_v3-717260-717493-1A,Diversity,1A,,,,,,717293,717461,168,717260,717493,233,65,0.717484,ch07,div060,ch07_div060,Pf07-0717292-0717461
Pf3D7_07_v3-729480-729750-1A,Diversity,1A,,,,,,729508,729725,217,729480,729750,270,53,0.72432,ch07,div061,ch07_div061,Pf07-0729507-0729725
Pf3D7_07_v3-1028330-1028603-1A,Diversity,1A,,,,,,1028362,1028570,208,1028330,1028603,273,65,0.660254,ch07,div062,ch07_div062,Pf07-1028361-1028570
Pf3D7_07_v3-1043981-1044225-1A,Diversity,1A,,,,,,1044012,1044195,183,1043981,1044225,244,61,0.498916,ch07,div063,ch07_div063,Pf07-1044011-1044195
Pf3D7_07_v3-1066661-1066903-1A,Diversity,1A,,,,,,1066694,1066879,185,1066661,1066903,242,57,0.513652,ch07,div064,ch07_div064,Pf07-1066693-1066879
Pf3D7_07_v3-1149367-1149613-1A,Diversity,1A,,,,,,1149399,1149585,186,1149367,1149613,246,60,0.621446,ch07,div065,ch07_div065,Pf07-1149398-1149585
Pf3D7_08_v3-102277-102527-1A,Diversity,1A,,,,,,102309,102500,191,102277,102527,250,59,0.753756,ch08,div066,ch08_div066,Pf08-0102308-0102500
Pf3D7_08_v3-336421-336651-1A,Diversity,1A,,,,,,336454,336618,164,336421,336651,230,66,0.772773,ch08,div067,ch08_div067,Pf08-0336453-0336618
Pf3D7_08_v3-399693-399961-1A,Diversity,1A,,,,,,399719,399934,215,399693,399961,268,53,0.624775,ch08,div068,ch08_div068,Pf08-0399718-0399934
Pf3D7_08_v3-412801-413062-1A,Diversity,1A,,,,,,412834,413029,195,412801,413062,261,66,0.650815,ch08,div069,ch08_div069,Pf08-0412833-0413029
Pf3D7_08_v3-476232-476475-1A,Diversity,1A,,,,,,476265,476442,177,476232,476475,243,66,0.526331,ch08,div070,ch08_div070,Pf08-0476264-0476442
Pf3D7_08_v3-585331-585590-1A,Diversity,1A,,,,,,585364,585562,198,585331,585590,259,61,0.57557,ch08,div071,ch08_div071,Pf08-0585363-0585562
Pf3D7_08_v3-585703-585949-1A,Diversity,1A,,,,,,585736,585916,180,585703,585949,246,66,0.490955,ch08,div072,ch08_div072,Pf08-0585735-0585916
Pf3D7_08_v3-585993-586266-1A,Diversity,1A,,,,,,586025,586233,208,585993,586266,273,65,0.500045,ch08,div073,ch08_div073,Pf08-0586024-0586233
Pf3D7_08_v3-1056678-1056903-1A,Diversity,1A,,,,,,1056703,1056878,175,1056678,1056903,225,50,0.562723,ch08,div074,ch08_div074,Pf08-1056702-1056878
Pf3D7_08_v3-1099719-1099977-1A,Diversity,1A,,,,,,1099751,1099944,193,1099719,1099977,258,65,0.762533,ch08,div075,ch08_div075,Pf08-1099750-1099944
Pf3D7_08_v3-1176313-1176549-1A,Diversity,1A,,,,,,1176346,1176524,178,1176313,1176549,236,58,0.776556,ch08,div076,ch08_div076,Pf08-1176345-1176524
Pf3D7_08_v3-1313088-1313338-1A,Diversity,1A,,,,,,1313120,1313308,188,1313088,1313338,250,62,0.520872,ch08,div077,ch08_div077,Pf08-1313119-1313308
Pf3D7_08_v3-1314717-1314986-1A,Diversity,1A,,,,,,1314744,1314953,209,1314717,1314986,269,60,0.546025,ch08,div078,ch08_div078,Pf08-1314743-1314953
Pf3D7_08_v3-1344618-1344845-1A,Diversity,1A,,,,,,1344651,1344813,162,1344618,1344845,227,65,0.715463,ch08,div079,ch08_div079,Pf08-1344650-1344813
Pf3D7_09_v3-82006-82236-1A,Diversity,1A,,,,,,82034,82203,169,82006,82236,230,61,0.907385,ch09,div080,ch09_div080,Pf09-0082033-0082203
Pf3D7_09_v3-163813-164052-1A,Diversity,1A,,,,,,163846,164021,175,163813,164052,239,64,0.507981,ch09,div081,ch09_div081,Pf09-0163845-0164021
Pf3D7_09_v3-164045-164311-1A,Diversity,1A,,,,,,164075,164287,212,164045,164311,266,54,0.494639,ch09,div082,ch09_div082,Pf09-0164074-0164287
Pf3D7_09_v3-202854-203106-1A,Diversity,1A,,,,,,202887,203076,189,202854,203106,252,63,0.761054,ch09,div083,ch09_div083,Pf09-0202886-0203076
Pf3D7_09_v3-270915-271160-1A,Diversity,1A,,,,,,270942,271136,194,270915,271160,245,51,0.643743,ch09,div084,ch09_div084,Pf09-0270941-0271136
Pf3D7_09_v3-516735-517007-1A,Diversity,1A,,,,,,516767,516980,213,516735,517007,272,59,0.416394,ch09,div085,ch09_div085,Pf09-0516766-0516980
Pf3D7_09_v3-595828-596094-1A,Diversity,1A,,,,,,595861,596063,202,595828,596094,266,64,0.878037,ch09,div086,ch09_div086,Pf09-0595860-0596063
Pf3D7_09_v3-685560-685825-1A,Diversity,1A,,,,,,685588,685792,204,685560,685825,265,61,0.663143,ch09,div087,ch09_div087,Pf09-0685587-0685792
Pf3D7_09_v3-1015103-1015350-1A,Diversity,1A,,,,,,1015131,1015317,186,1015103,1015350,247,61,0.626469,ch09,div088,ch09_div088,NA
Pf3D7_09_v3-1406342-1406614-1A,Diversity,1A,,,,,,1406372,1406581,209,1406342,1406614,272,63,0.664048,ch09,div089,ch09_div089,Pf09-1406371-1406581
Pf3D7_10_v3-992331-992603-1A,Diversity,1A,,,,,,992363,992570,207,992331,992603,272,65,0.656503,ch10,div090,ch10_div090,Pf10-0992362-0992570
Pf3D7_10_v3-992596-992869-1A,Diversity,1A,,,,,,992622,992836,214,992596,992869,273,59,0.306357,ch10,div091,ch10_div091,Pf10-0992621-0992836
Pf3D7_10_v3-1386657-1386909-1A,Diversity,1A,,,,,,1386690,1386876,186,1386657,1386909,252,66,0.610218,ch10,div092,ch10_div092,Pf10-1386689-1386876
Pf3D7_10_v3-1392371-1392620-1A,Diversity,1A,,,,,,1392400,1392588,188,1392371,1392620,249,61,0.660828,ch10,div093,ch10_div093,Pf10-1392399-1392588
Pf3D7_10_v3-1414337-1414596-1A,Diversity,1A,,,,,,1414370,1414565,195,1414337,1414596,259,64,0.778188,ch10,div094,ch10_div094,Pf10-1414369-1414565
Pf3D7_10_v3-1414599-1414832-1A,Diversity,1A,,,,,,1414631,1414799,168,1414599,1414832,233,65,0.394969,ch10,div095,ch10_div095,Pf10-1414630-1414799
Pf3D7_11_v3-115913-116184-1A,Diversity,1A,,,,,,115946,116151,205,115913,116184,271,66,0.753228,ch11,div096,ch11_div096,Pf11-0115945-0116151
Pf3D7_11_v3-119432-119705-1A,Diversity,1A,,,,,,119464,119672,208,119432,119705,273,65,0.664194,ch11,div097,ch11_div097,Pf11-0119463-0119672
Pf3D7_11_v3-408285-408534-1A,Diversity,1A,,,,,,408317,408504,187,408285,408534,249,62,0.419427,ch11,div098,ch11_div098,Pf11-0408316-0408504
Pf3D7_11_v3-408543-408771-1A,Diversity,1A,,,,,,408573,408747,174,408543,408771,228,54,0.605662,ch11,div099,ch11_div099,NA
Pf3D7_11_v3-497277-497548-1A,Diversity,1A,,,,,,497307,497519,212,497277,497548,271,59,0.70478,ch11,div100,ch11_div100,Pf11-0497306-0497519
Pf3D7_11_v3-1006693-1006917-1A,Diversity,1A,,,,,,1006726,1006893,167,1006693,1006917,224,57,0.48814,ch11,div101,ch11_div101,Pf11-1006725-1006893
Pf3D7_11_v3-1018781-1019053-1A,Diversity,1A,,,,,,1018814,1019021,207,1018781,1019053,272,65,0.632068,ch11,div102,ch11_div102,Pf11-1018813-1019021
Pf3D7_11_v3-1019050-1019319-1A,Diversity,1A,,,,,,1019079,1019287,208,1019050,1019319,269,61,0.291107,ch11,div103,ch11_div103,Pf11-1019078-1019287
Pf3D7_11_v3-1127074-1127316-1A,Diversity,1A,,,,,,1127104,1127294,190,1127074,1127316,242,52,0.601822,ch11,div104,ch11_div104,Pf11-1127103-1127294
Pf3D7_11_v3-1293919-1294168-1A,Diversity,1A,,,,,,1293944,1294136,192,1293919,1294168,249,57,0.910398,ch11,div105,ch11_div105,Pf11-1293943-1294136
Pf3D7_11_v3-1294664-1294910-1A,Diversity,1A,,,,,,1294691,1294888,197,1294664,1294910,246,49,0.917639,ch11,div106,ch11_div106,Pf11-1294690-1294888
Pf3D7_11_v3-1295103-1295335-1A,Diversity,1A,,,,,,1295136,1295311,175,1295103,1295335,232,57,0.811498,ch11,div107,ch11_div107,Pf11-1295135-1295311
Pf3D7_11_v3-1295371-1295597-1A,Diversity,1A,,,,,,1295398,1295564,166,1295371,1295597,226,60,0.365816,ch11,div108,ch11_div108,Pf11-1295397-1295564
Pf3D7_11_v3-1374917-1375148-1A,Diversity,1A,,,,,,1374947,1375115,168,1374917,1375148,231,63,0.529768,ch11,div109,ch11_div109,Pf11-1374946-1375115
Pf3D7_11_v3-1375807-1376056-1A,Diversity,1A,,,,,,1375840,1376024,184,1375807,1376056,249,65,0.682051,ch11,div110,ch11_div110,Pf11-1375839-1376024
Pf3D7_11_v3-1376058-1376305-1A,Diversity,1A,,,,,,1376087,1376276,189,1376058,1376305,247,58,0.585064,ch11,div111,ch11_div111,Pf11-1376086-1376276
Pf3D7_11_v3-1816152-1816378-1A,Diversity,1A,,,,,,1816179,1816346,167,1816152,1816378,226,59,0.703947,ch11,div112,ch11_div112,Pf11-1816178-1816346
Pf3D7_11_v3-1934962-1935236-1A,Diversity,1A,,,,,,1934990,1935203,213,1934962,1935236,274,61,0.537513,ch11,div113,ch11_div113,NA
Pf3D7_12_v3-63081-63314-1A,Diversity,1A,,,,,,63114,63281,167,63081,63314,233,66,0.703594,ch12,div114,ch12_div114,Pf12-0063113-0063281
Pf3D7_12_v3-233418-233671-1A,Diversity,1A,,,,,,233446,233639,193,233418,233671,253,60,0.696821,ch12,div115,ch12_div115,Pf12-0233445-0233639
Pf3D7_12_v3-529495-529767-1A,Diversity,1A,,,,,,529527,529735,208,529495,529767,272,64,0.716857,ch12,div116,ch12_div116,Pf12-0529526-0529735
Pf3D7_12_v3-659881-660127-1A,Diversity,1A,,,,,,659903,660096,193,659881,660127,246,53,0.928981,ch12,div117,ch12_div117,Pf12-0659902-0660096
Pf3D7_12_v3-684011-684240-1A,Diversity,1A,,,,,,684044,684207,163,684011,684240,229,66,0.512444,ch12,div118,ch12_div118,Pf12-0684043-0684207
Pf3D7_12_v3-857050-857323-1A,Diversity,1A,,,,,,857083,857293,210,857050,857323,273,63,0.536711,ch12,div119,ch12_div119,Pf12-0857082-0857293
Pf3D7_12_v3-1959644-1959891-1A,Diversity,1A,,,,,,1959669,1959858,189,1959644,1959891,247,58,0.592575,ch12,div120,ch12_div120,Pf12-1959668-1959858
Pf3D7_13_v3-146695-146934-1A,Diversity,1A,,,,,,146725,146904,179,146695,146934,239,60,0.730621,ch13,div121,ch13_div121,Pf13-0146724-0146904
Pf3D7_13_v3-156456-156685-1A,Diversity,1A,,,,,,156487,156652,165,156456,156685,229,64,0.501292,ch13,div122,ch13_div122,Pf13-0156486-0156652
Pf3D7_13_v3-156713-156986-1A,Diversity,1A,,,,,,156746,156956,210,156713,156986,273,63,0.611689,ch13,div123,ch13_div123,Pf13-0156745-0156956
Pf3D7_13_v3-388138-388408-1A,Diversity,1A,,,,,,388171,388378,207,388138,388408,270,63,0.42006,ch13,div124,ch13_div124,Pf13-0388170-0388378
Pf3D7_13_v3-479569-479811-1A,Diversity,1A,,,,,,479602,479778,176,479569,479811,242,66,0.63335,ch13,div125,ch13_div125,Pf13-0479601-0479778
Pf3D7_13_v3-815862-816091-1A,Diversity,1A,,,,,,815895,816058,163,815862,816091,229,66,0.607549,ch13,div126,ch13_div126,Pf13-0815894-0816058
Pf3D7_13_v3-852647-852921-1A,Diversity,1A,,,,,,852680,852897,217,852647,852921,274,57,0.84486,ch13,div127,ch13_div127,Pf13-0852679-0852897
Pf3D7_13_v3-911757-912005-1A,Diversity,1A,,,,,,911783,911974,191,911757,912005,248,57,0.583598,ch13,div128,ch13_div128,Pf13-0911782-0911974
Pf3D7_13_v3-935613-935884-1A,Diversity,1A,,,,,,935645,935858,213,935613,935884,271,58,0.5107,ch13,div129,ch13_div129,Pf13-0935644-0935858
Pf3D7_13_v3-1004740-1005002-1A,Diversity,1A,,,,,,1004773,1004969,196,1004740,1005002,262,66,0.836781,ch13,div130,ch13_div130,Pf13-1004772-1004969
Pf3D7_13_v3-1146764-1147010-1A,Diversity,1A,,,,,,1146789,1146982,193,1146764,1147010,246,53,0.559182,ch13,div131,ch13_div131,Pf13-1146788-1146982
Pf3D7_13_v3-1233093-1233332-1A,Diversity,1A,,,,,,1233118,1233299,181,1233093,1233332,239,58,0.498978,ch13,div132,ch13_div132,Pf13-1233117-1233299
Pf3D7_13_v3-1265494-1265726-1A,Diversity,1A,,,,,,1265527,1265694,167,1265494,1265726,232,65,0.811484,ch13,div133,ch13_div133,Pf13-1265526-1265694
Pf3D7_13_v3-1350855-1351093-1A,Diversity,1A,,,,,,1350888,1351062,174,1350855,1351093,238,64,0.458568,ch13,div134,ch13_div134,Pf13-1350887-1351062
Pf3D7_13_v3-1406713-1406975-1A,Diversity,1A,,,,,,1406746,1406947,201,1406713,1406975,262,61,0.449476,ch13,div135,ch13_div135,Pf13-1406745-1406947
Pf3D7_13_v3-1419363-1419626-1A,Diversity,1A,,,,,,1419396,1419601,205,1419363,1419626,263,58,0.845111,ch13,div136,ch13_div136,Pf13-1419395-1419601
Pf3D7_13_v3-1465616-1465890-1A,Diversity,1A,,,,,,1465639,1465870,231,1465616,1465890,274,43,0.917491,ch13,div137,ch13_div137,Pf13-1465638-1465870
Pf3D7_13_v3-1465901-1466157-1A,Diversity,1A,,,,,,1465926,1466124,198,1465901,1466157,256,58,0.861338,ch13,div138,ch13_div138,Pf13-1465925-1466124
Pf3D7_13_v3-1876391-1876664-1A,Diversity,1A,,,,,,1876422,1876636,214,1876391,1876664,273,59,0.674022,ch13,div139,ch13_div139,Pf13-1876421-1876636
Pf3D7_13_v3-2114242-2114482-1A,Diversity,1A,,,,,,2114272,2114454,182,2114242,2114482,240,58,0.739529,ch13,div140,ch13_div140,Pf13-2114271-2114454
Pf3D7_13_v3-2114829-2115090-1A,Diversity,1A,,,,,,2114855,2115057,202,2114829,2115090,261,59,0.648732,ch13,div141,ch13_div141,Pf13-2114854-2115057
Pf3D7_13_v3-2545065-2545291-1A,Diversity,1A,,,,,,2545092,2545258,166,2545065,2545291,226,60,0.77364,ch13,div142,ch13_div142,Pf13-2545091-2545258
Pf3D7_14_v3-106867-107115-1A,Diversity,1A,,,,,,106894,107084,190,106867,107115,248,58,0.632317,ch14,div143,ch14_div143,NA
Pf3D7_14_v3-120101-120365-1A,Diversity,1A,,,,,,120134,120332,198,120101,120365,264,66,0.629938,ch14,div144,ch14_div144,Pf14-0120133-0120332
Pf3D7_14_v3-137398-137668-1A,Diversity,1A,,,,,,137431,137636,205,137398,137668,270,65,0.502206,ch14,div145,ch14_div145,Pf14-0137430-0137636
Pf3D7_14_v3-279563-279833-1A,Diversity,1A,,,,,,279591,279800,209,279563,279833,270,61,0.659931,ch14,div146,ch14_div146,Pf14-0279590-0279800
Pf3D7_14_v3-377765-378020-1A,Diversity,1A,,,,,,377798,377992,194,377765,378020,255,61,0.760904,ch14,div147,ch14_div147,Pf14-0377797-0377992
Pf3D7_14_v3-407306-407542-1A,Diversity,1A,,,,,,407339,407509,170,407306,407542,236,66,0.818574,ch14,div148,ch14_div148,Pf14-0407338-0407509
Pf3D7_14_v3-421322-421547-1A,Diversity,1A,,,,,,421355,421514,159,421322,421547,225,66,0.555509,ch14,div149,ch14_div149,Pf14-0421354-0421514
Pf3D7_14_v3-771407-771633-1A,Diversity,1A,,,,,,771433,771601,168,771407,771633,226,58,0.789254,ch14,div150,ch14_div150,Pf14-0771432-0771601
Pf3D7_14_v3-921176-921432-1A,Diversity,1A,,,,,,921209,921399,190,921176,921432,256,66,0.799048,ch14,div151,ch14_div151,Pf14-0921208-0921399
Pf3D7_14_v3-1038300-1038538-1A,Diversity,1A,,,,,,1038327,1038505,178,1038300,1038538,238,60,0.681899,ch14,div152,ch14_div152,Pf14-1038326-1038505
Pf3D7_14_v3-1166107-1166371-1A,Diversity,1A,,,,,,1166135,1166338,203,1166107,1166371,264,61,0.573274,ch14,div153,ch14_div153,Pf14-1166134-1166338
Pf3D7_14_v3-1392837-1393086-1A,Diversity,1A,,,,,,1392870,1393059,189,1392837,1393086,249,60,0.55736,ch14,div154,ch14_div154,Pf14-1392869-1393059
Pf3D7_14_v3-1992121-1992370-1A,Diversity,1A,,,,,,1992154,1992347,193,1992121,1992370,249,56,0.637981,ch14,div155,ch14_div155,Pf14-1992153-1992347
Pf3D7_14_v3-2004362-2004606-1A,Diversity,1A,,,,,,2004395,2004574,179,2004362,2004606,244,65,0.774711,ch14,div156,ch14_div156,Pf14-2004394-2004574
Pf3D7_14_v3-2020604-2020849-1A,Diversity,1A,,,,,,2020637,2020823,186,2020604,2020849,245,59,0.811453,ch14,div157,ch14_div157,Pf14-2020636-2020823
Pf3D7_14_v3-2260533-2260765-1A,Diversity,1A,,,,,,2260556,2260737,181,2260533,2260765,232,51,0.723478,ch14,div158,ch14_div158,Pf14-2260555-2260737
Pf3D7_14_v3-2355614-2355853-1A,Diversity,1A,,,,,,2355646,2355820,174,2355614,2355853,239,65,0.713266,ch14,div159,ch14_div159,Pf14-2355645-2355820
Pf3D7_14_v3-2695837-2696082-1A,Diversity,1A,,,,,,2695870,2696052,182,2695837,2696082,245,63,0.640733,ch14,div160,ch14_div160,Pf14-2695869-2696052
Pf3D7_14_v3-2733345-2733593-1A,Diversity,1A,,,,,,2733378,2733564,186,2733345,2733593,248,62,0.35351,ch14,div161,ch14_div161,Pf14-2733377-2733564
Pf3D7_14_v3-2858894-2859160-1A,Diversity,1A,,,,,,2858926,2859127,201,2858894,2859160,266,65,0.56272,ch14,div162,ch14_div162,Pf14-2858925-2859127
Pf3D7_14_v3-3124416-3124655-1A,Diversity,1A,,,,,,3124442,3124626,184,3124416,3124655,239,55,0.825471,ch14,div163,ch14_div163,Pf14-3124441-3124626
Pf3D7_14_v3-3125801-3126073-1A,Diversity,1A,,,,,,3125830,3126040,210,3125801,3126073,272,62,0.735979,ch14,div164,ch14_div164,Pf14-3125829-3126040
Pf3D7_14_v3-3214249-3214516-1A,Diversity,1A,,,,,,3214282,3214486,204,3214249,3214516,267,63,0.577652,ch14,div165,ch14_div165,Pf14-3214281-3214486
Pf3D7_08_v3-1365709-1365954-1B,Diagnostic,1B,PF3D7_0831700,hsp70,HRP2 deletion,,TRUE,1365742,1365924,182,1365709,1365954,245,63,NA,ch08,hsp70_1,ch08_hsp70_1,NA
Pf3D7_08_v3-1366626-1366856-1B,Diagnostic,1B,PF3D7_0831700,hsp70,HRP2 deletion,,TRUE,1366659,1366823,164,1366626,1366856,230,66,NA,ch08,hsp70_2,ch08_hsp70_2,NA
Pf3D7_08_v3-1370603-1370853-1B,Diagnostic,1B,NA,NA,HRP2 deletion,,TRUE,1370633,1370825,192,1370603,1370853,250,58,NA,ch08,hrp2_1,ch08_hrp2_1,NA
Pf3D7_08_v3-1375025-1375284-1B,Diagnostic,1B,PF3D7_0831800,hrp2,HRP2 deletion,,TRUE,1375057,1375259,202,1375025,1375284,259,57,NA,ch08,hrp2_2,ch08_hrp2_2,NA
Pf3D7_08_v3-1386795-1387043-1B,Diagnostic,1B,PF3D7_0832100,rifin,HRP2 deletion,,TRUE,1386822,1387013,191,1386795,1387043,248,57,NA,ch08,rifin_1,ch08_rifin_1,NA
Pf3D7_11_v3-1294284-1294580-1B,Diagnostic,1B,PF3D7_1133400,ama1,long amplicon/diversity,151-231*,TRUE,1294306,1294547,241,1294284,1294580,296,55,NA,ch11,ama1,ch11_ama1,NA
Pf3D7_11_v3-1902034-1902278-1B,Diagnostic,1B,PF3D7_1147800,MAEBL,ch11,,FALSE,1902065,1902257,192,1902034,1902278,244,52,NA,ch11,MAEBL_1,ch11_MAEBL_1,NA
Pf3D7_11_v3-1950401-1950636-1B,Diagnostic,1B,PF3D7_1149000,Pf332,ch11,,FALSE,1950427,1950606,179,1950401,1950636,235,56,NA,ch11,Pf332_1,ch11_Pf332_1,NA
Pf3D7_11_v3-1968031-1968273-1B,Diagnostic,1B,PF3D7_1149000,Pf332,ch11,,FALSE,1968064,1968242,178,1968031,1968273,242,64,NA,ch11,Pf332_2,ch11_Pf332_2,NA
Pf3D7_11_v3-2001721-2001954-1B,Diagnostic,1B,PF3D7_1149600,dnaJ,ch11,,FALSE,2001754,2001929,175,2001721,2001954,233,58,NA,ch11,dnaJ_1,ch11_dnaJ_1,NA
Pf3D7_11_v3-2001969-2002222-1B,Diagnostic,1B,PF3D7_1149600,dnaJ,ch11,,FALSE,2001999,2002198,199,2001969,2002222,253,54,NA,ch11,dnaJ_2,ch11_dnaJ_2,NA
Pf3D7_13_v3-1465010-1465307-1B,Diagnostic,1B,PF3D7_1335900,trap,long amplicon/diversity,447*-528,TRUE,1465036,1465280,244,1465010,1465307,297,53,NA,ch13,trap,ch13_trap,NA
Pf3D7_13_v3-2770621-2770854-1B,Diagnostic,1B,PF3D7_1369500,PF3D7_1369500,HRP3 deletion,,TRUE,2770649,2770821,172,2770621,2770854,233,61,NA,ch13,PF3D7-1369500_1,ch13_PF3D7-1369500_1,NA
Pf3D7_13_v3-2780346-2780575-1B,Diagnostic,1B,NA,NA,HRP3 deletion,,TRUE,2780367,2780542,175,2780346,2780575,229,54,NA,ch13,hrp3_1,ch13_hrp3_1,NA
Pf3D7_13_v3-2814606-2814855-1B,Diagnostic,1B,PF3D7_1371600,EBL-1,HRP3 deletion,,TRUE,2814631,2814826,195,2814606,2814855,249,54,NA,ch13,EBL-1,ch13_EBL-1,NA
Pf3D7_13_v3-2816310-2816554-1B,Diagnostic,1B,PF3D7_1371600,EBL-1,HRP3 deletion,,TRUE,2816334,2816526,192,2816310,2816554,244,52,NA,ch13,EBL-1,ch13_EBL-1,NA
Pf3D7_13_v3-2840462-2840736-1B,Diagnostic,1B,NA,NA,HRP3 deletion,,TRUE,2840495,2840703,208,2840462,2840736,274,66,NA,ch13,hrp3_2,ch13_hrp3_2,NA
Pf3D7_13_v3-2841390-2841688-1B2,Diagnostic,1B2,PF3D7_1372200,HRP3,HRP3 deletion,,TRUE,2841411,2841661,250,2841390,2841688,298,48,NA,ch13,hrp3_3,ch13_hrp3_3,NA
Pf3D7_13_v3-2844334-2844629-1B2,Diagnostic,1B2,NA,NA,HRP3 deletion,,TRUE,2844355,2844599,244,2844334,2844629,295,51,NA,ch13,hrp3_4,ch13_hrp3_4,NA
Pf3D7_14_v3-854128-854427-1B,Diagnostic,1B,PF3D7_1420600,pank1,long amplicon,,FALSE,854155,854394,239,854128,854427,299,60,NA,ch14,pank1,ch14_pank1,NA
Pf3D7_03_v3-221185-221419-1B,Immune,1B,PF3D7_0304600,csp,C-terminal,377-398,TRUE,221218,221388,170,221185,221419,234,64,NA,ch03,csp_1,ch03_csp_1,NA
Pf3D7_03_v3-221463-221712-1B,Immune,1B,PF3D7_0304600,csp,C-terminal,280-344,TRUE,221485,221679,194,221463,221712,249,55,NA,ch03,csp_2,ch03_csp_2,NA
Pf3D7_03_v3-980765-980997-1B,Immune,1B,PF3D7_0323400,Ripr,1039,1001*-1057*,FALSE,980797,980964,167,980765,980997,232,65,NA,ch03,ripr_1,ch03_ripr_1,NA
Pf3D7_03_v3-981574-981823-1B,Immune,1B,PF3D7_0323400,Ripr,755,724-787*,FALSE,981607,981797,190,981574,981823,249,59,NA,ch03,ripr_2,ch03_ripr_2,NA
Pf3D7_03_v3-981921-982191-1B,Immune,1B,PF3D7_0323400,Ripr,673,602-674*,FALSE,981946,982163,217,981921,982191,270,53,NA,ch03,ripr_3,ch03_ripr_3,NA
Pf3D7_03_v3-982299-982523-1B,Immune,1B,PF3D7_0323400,Ripr,511,492*-545*,FALSE,982332,982491,159,982299,982523,224,65,NA,ch03,ripr_4,ch03_ripr_4,NA
Pf3D7_04_v3-1077327-1077562-1B,Immune,1B,PF3D7_0423800,CyRPA,339,305*-364*,FALSE,1077360,1077536,176,1077327,1077562,235,59,NA,ch04,CyRPA,ch04_CyRPA,NA
Pf3D7_04_v3-1082776-1083049-1B,Immune,1B,PF3D7_0424100,Rh5,"350, 354, 357, 362",310-379*,FALSE,1082809,1083016,207,1082776,1083049,273,66,NA,ch04,Rh5_1,ch04_Rh5_1,NA
Pf3D7_04_v3-1083095-1083331-1B,Immune,1B,PF3D7_0424100,Rh5,"221, 269",216-273*,FALSE,1083127,1083298,171,1083095,1083331,236,65,NA,ch04,Rh5_2,ch04_Rh5_2,NA
Pf3D7_04_v3-1083411-1083668-1B,Immune,1B,PF3D7_0424100,Rh5,147,103*-166,FALSE,1083443,1083635,192,1083411,1083668,257,65,NA,ch04,Rh5_3,ch04_Rh5_3,NA
Pf3D7_14_v3-860289-860542-1B,Immune,1B,PF3D7_1420700,P113,"106, 107",49*-113,FALSE,860315,860509,194,860289,860542,253,59,NA,ch14,P113_1,ch14_P113_1,NA
Pf3D7_14_v3-860834-861066-1B,Immune,1B,PF3D7_1420700,P113,234,232*-290*,FALSE,860866,861038,172,860834,861066,232,60,NA,ch14,P113_2,ch14_P113_2,NA
Pf3D7_01_v3-194742-194973-1B,Resistance,1B,PF3D7_0104300,ubp-1,1525,1449*-1558,TRUE,194764,194942,178,194742,194973,231,53,NA,ch01,ubp-1,ch01_ubp-1,NA
Pf3D7_04_v3-748105-748359-1B,Resistance,1B,PF3D7_0417200,dhfr-ts,"16, 51, 59",14*-80*,TRUE,748129,748326,197,748105,748359,254,57,NA,ch04,dhfr-ts_1,ch04_dhfr-ts_1,NA
Pf3D7_04_v3-748374-748611-1B,Resistance,1B,PF3D7_0417200,dhfr-ts,"108, 164",107*-165*,TRUE,748407,748581,174,748374,748611,237,63,NA,ch04,dhfr-ts_2,ch04_dhfr-ts_2,NA
Pf3D7_05_v3-958079-958350-1B,Resistance,1B,PF3D7_0523000,mdr1,86,73-143*,TRUE,958106,958317,211,958079,958350,271,60,NA,ch05,mdr1_1,ch05_mdr1_1,NA
Pf3D7_05_v3-958372-958608-1B,Resistance,1B,PF3D7_0523000,mdr1,"184, 186",169*-231*,TRUE,958395,958580,185,958372,958608,236,51,NA,ch05,mdr1_2,ch05_mdr1_2,NA
Pf3D7_05_v3-958920-959168-1B,Resistance,1B,PF3D7_0523000,mdr1,371,355*-416*,TRUE,958953,959135,182,958920,959168,248,66,NA,ch05,mdr1_3,ch05_mdr1_3,NA
Pf3D7_05_v3-960810-961048-1B,Resistance,1B,PF3D7_0523000,mdr1,"1034, 1042",985-1044,TRUE,960842,961021,179,960810,961048,238,59,NA,ch05,mdr1_4,ch05_mdr1_4,NA
Pf3D7_05_v3-961511-961758-1B,Resistance,1B,PF3D7_0523000,mdr1,1246,1219-1281*,TRUE,961544,961730,186,961511,961758,247,61,NA,ch05,mdr1_5,ch05_mdr1_5,NA
Pf3D7_06_v3-1214815-1215069-1B,Resistance,1B,PF3D7_0629500,aat1,380,324-387*,FALSE,1214846,1215036,190,1214815,1215069,254,64,NA,ch06,aat1_1,ch06_aat1_1,NA
Pf3D7_06_v3-1215236-1215502-1B,Resistance,1B,PF3D7_0629500,aat1,"185, 230, 238",176*-246,FALSE,1215268,1215479,211,1215236,1215502,266,55,NA,ch06,aat1_2,ch06_aat1_2,NA
Pf3D7_06_v3-1215495-1215756-1B,Resistance,1B,PF3D7_0629500,aat1,"135, 162",93*-130,FALSE,1215516,1215727,211,1215495,1215756,261,50,NA,ch06,aat1_3,ch06_aat1_3,NA
Pf3D7_07_v3-403479-403716-1B,Resistance,1B,PF3D7_0709000,crt,"72-76, 93",34*-95,TRUE,403500,403683,183,403479,403716,237,54,NA,ch07,crt_1,ch07_crt_1,NA
Pf3D7_07_v3-403801-404052-1B,Resistance,1B,PF3D7_0709000,crt,145,120*-148,TRUE,403834,404021,187,403801,404052,251,64,NA,ch07,crt_2,ch07_crt_2,NA
Pf3D7_07_v3-404325-404590-1B,Resistance,1B,PF3D7_0709000,crt,"218, 220",203*-222*,TRUE,404358,404564,206,404325,404590,265,59,NA,ch07,crt_3,ch07_crt_3,NA
Pf3D7_07_v3-404776-405006-1B,Resistance,1B,PF3D7_0709000,crt,271,262-287*,FALSE,404809,404981,172,404776,405006,230,58,NA,ch07,crt_4,ch07_crt_4,NA
Pf3D7_07_v3-405334-405576-1B,Resistance,1B,PF3D7_0709000,crt,326,325-337*,FALSE,405358,405543,185,405334,405576,242,57,NA,ch07,crt_5,ch07_crt_5,NA
Pf3D7_07_v3-405570-405844-1B,Resistance,1B,PF3D7_0709000,crt,356,355*-366*,TRUE,405598,405815,217,405570,405844,274,57,NA,ch07,crt_6,ch07_crt_6,NA
Pf3D7_07_v3-896613-896849-1B,Resistance,1B,PF3D7_0720700,pib7,1484,1478*-1536,TRUE,896646,896816,170,896613,896849,236,66,NA,ch07,pib7,ch07_pib7,NA
Pf3D7_08_v3-549583-549807-1B,Resistance,1B,PF3D7_0810800,dhps,"431, 436, 437",412*-467,TRUE,549610,549776,166,549583,549807,224,58,NA,ch08,dhps_1,ch08_dhps_1,NA
Pf3D7_08_v3-549960-550215-1B,Resistance,1B,PF3D7_0810800,dhps,"540, 581",538*-603*,TRUE,549989,550182,193,549960,550215,255,62,NA,ch08,dhps_2,ch08_dhps_2,NA
Pf3D7_10_v3-490605-490877-1B,Resistance,1B,PF3D7_1012700,pph,1157,1129*-1198*,FALSE,490638,490844,206,490605,490877,272,66,NA,ch10,pph,ch10_pph,NA
Pf3D7_12_v3-2092529-2092798-1B,Resistance,1B,PF3D7_1251200,coronin,"50, 100, 107",46*-115*,TRUE,2092559,2092765,206,2092529,2092798,269,63,NA,ch12,coronin_1,ch12_coronin_1,NA
Pf3D7_13_v3-748254-748510-1B,Resistance,1B,PF3D7_1318100,fd,193,165*-194,TRUE,748287,748477,190,748254,748510,256,66,NA,ch13,fd,ch13_fd,NA
Pf3D7_13_v3-958247-958510-1B,Resistance,1B,PF3D7_1322700,PF3D7_1322700,236,232*-300,TRUE,958276,958482,206,958247,958510,263,57,NA,ch13,PF3D7-1322700,ch13_PF3D7-1322700,NA
Pf3D7_13_v3-1724895-1725166-1B,Resistance,1B,PF3D7_1343700,k13,"667, 673, 675, 690",621-691*,TRUE,1724926,1725137,211,1724895,1725166,271,60,NA,ch13,k13_1,ch13_k13_1,NA
Pf3D7_13_v3-1725208-1725471-1B,Resistance,1B,PF3D7_1343700,k13,"522, 527, 537-540, 543, 553, 555, 561, 568, 574, 575, 578, 580, 581, 584 ",519*-589*,TRUE,1725232,1725441,209,1725208,1725471,263,54,NA,ch13,k13_2,ch13_k13_2,NA
Pf3D7_13_v3-1725464-1725719-1B,Resistance,1B,PF3D7_1343700,k13,"436, 437, 441, 442, 446, 449, 452, 458, 469, 476, 479, 481, 493",435*-502*,TRUE,1725494,1725694,200,1725464,1725719,255,55,NA,ch13,k13_3,ch13_k13_3,NA
Pf3D7_13_v3-1725713-1725955-1B,Resistance,1B,PF3D7_1343700,k13,NA,359-419,FALSE,1725741,1725923,182,1725713,1725955,242,60,NA,ch13,k13_4,ch13_k13_4,NA
Pf3D7_13_v3-1726057-1726304-1B,Resistance,1B,PF3D7_1343700,k13,NA,243-303*,FALSE,1726090,1726271,181,1726057,1726304,247,66,NA,ch13,k13_5,ch13_k13_5,NA
Pf3D7_13_v3-1726723-1726995-1B,Resistance,1B,PF3D7_1343700,k13,NA,11-81*,FALSE,1726756,1726967,211,1726723,1726995,272,61,NA,ch13,k13_6,ch13_k13_6,NA
Pf3D7_13_v3-2504481-2504734-1B,Resistance,1B,PF3D7_1362500,exo,415,400-462*,TRUE,2504514,2504701,187,2504481,2504734,253,66,NA,ch13,exo,ch13_exo,NA
Pf3D7_14_v3-283350-283576-1B,Resistance,1B,PF3D7_1407800,pm4,CNV,99*-156*,FALSE,283381,283552,171,283350,283576,226,55,NA,ch14,pm4_1,ch14_pm4_1,NA
Pf3D7_14_v3-283973-284211-1B,Resistance,1B,PF3D7_1407800,pm4,CNV,307*-367*,FALSE,284006,284184,178,283973,284211,238,60,NA,ch14,pm4_2,ch14_pm4_2,NA
Pf3D7_14_v3-288429-288696-1B,Resistance,1B,PF3D7_1407900,pm1,CNV,56-123*,FALSE,288462,288664,202,288429,288696,267,65,NA,ch14,pm1_1,ch14_pm1_1,NA
Pf3D7_14_v3-289301-289550-1B,Resistance,1B,PF3D7_1407900,pm1,CNV,345-407,FALSE,289329,289517,188,289301,289550,249,61,NA,ch14,pm1_2,ch14_pm1_2,NA
Pf3D7_14_v3-293575-293829-1B,Resistance,1B,PF3D7_1408000,pm2,CNV,46*-109*,TRUE,293608,293796,188,293575,293829,254,66,NA,ch14,pm2_1,ch14_pm2_1,NA
Pf3D7_14_v3-294506-294753-1B,Resistance,1B,PF3D7_1408000,pm2,CNV,356*-420,TRUE,294538,294730,192,294506,294753,247,55,NA,ch14,pm2_2,ch14_pm2_2,NA
Pf3D7_14_v3-297583-297856-1B,Resistance,1B,PF3D7_1408100,pm3,CNV,50*-119,TRUE,297616,297824,208,297583,297856,273,65,NA,ch14,pm3_1,ch14_pm3_1,NA
Pf3D7_14_v3-297935-298162-1B,Resistance,1B,PF3D7_1408100,pm3,CNV,165*-221*,FALSE,297961,298129,168,297935,298162,227,59,NA,ch14,pm3_2,ch14_pm3_2,NA
Pf3D7_14_v3-298368-298636-1B,Resistance,1B,PF3D7_1408100,pm3,CNV,312-379*,TRUE,298401,298603,202,298368,298636,268,66,NA,ch14,pm3_3,ch14_pm3_3,NA
Pf3D7_14_v3-1954850-1955124-1B,Resistance,1B,PF3D7_1447900,mdr2,CNV,859*-932*,FALSE,1954882,1955099,217,1954850,1955124,274,57,NA,ch14,mdr2_1,ch14_mdr2_1,NA
Pf3D7_14_v3-1956056-1956330-1B,Resistance,1B,PF3D7_1447900,mdr2,"463, 484, 515",459-529,TRUE,1956089,1956301,212,1956056,1956330,274,62,NA,ch14,mdr2_2,ch14_mdr2_2,NA
Pf3D7_14_v3-1956365-1956639-1B,Resistance,1B,PF3D7_1447900,mdr2,CNV,356*-427,FALSE,1956396,1956609,213,1956365,1956639,274,61,NA,ch14,mdr2_3,ch14_mdr2_3,NA
Pf3D7_14_v3-1957218-1957480-1B,Resistance,1B,PF3D7_1447900,mdr2,CNV,77-142*,FALSE,1957251,1957447,196,1957218,1957480,262,66,NA,ch14,mdr2_4,ch14_mdr2_4,NA
Pf3D7_14_v3-2481033-2481276-1B,Resistance,1B,PF3D7_1460900,arps10,"127, 128",125*-159*,TRUE,2481065,2481245,180,2481033,2481276,243,63,NA,ch14,arps10,ch14_arps10,NA
PKNH_12_v2-198869-199113-1AB,Species,1AB,PKNH_1203900,ldh,Pk,,FALSE,198894,199083,189,198869,199113,244,55,NA,Pk,ldh,Pk_ldh,NA
Pf3D7_13_v3-1041593-1041860-1AB,Species,1AB,PF3D7_1324900,ldh,Pf,,FALSE,1041625,1041829,204,1041593,1041860,267,63,0.0177863,Pf,ldh,Pf_ldh,NA
PmUG01_12_v1-1397996-1398245-1AB,Species,1AB,PMUG01_12039800,ldh,Pm,,TRUE,1398021,1398213,192,1397996,1398245,249,57,NA,Pm,ldh,Pm_ldh,NA
PocGH01_12_v1-1106456-1106697-1AB,Species,1AB,POCGH01_12037700,ldh,Po,,TRUE,1106483,1106671,188,1106456,1106697,241,53,NA,Po,ldh,Po_ldh,NA
PvP01_12_v1-1184983-1185208-1AB,Species,1AB,PVP01_1229700,ldh,Pv,,TRUE,1185008,1185184,176,1184983,1185208,225,49,NA,Pv,ldh,Pv_ldh,NA
Pf3D7_02_v3-320652-320949-2,Diagnostic,2,PF3D7_0207900,sera2,long amplicon / diversity,65*-148*,TRUE,320676,320924,248,320652,320949,297,49,NA,ch02,sera2,ch02_sera2,NA
Pf3D7_03_v3-240957-241256-2,Diagnostic,2,PF3D7_0305100,PF3D7_0305100,long amplicon / diversity,,TRUE,240990,241224,234,240957,241256,299,65,NA,ch03,PF3D7-0305100,ch03_PF3D7-0305100,NA
Pf3D7_05_v3-615379-615678-2,Diagnostic,2,,,long amplicon / diversity,,TRUE,615412,615646,234,615379,615678,299,65,NA,ch05,long-amp_1,ch05_long-amp_1,NA
Pf3D7_06_v3-857454-857753-2,Diagnostic,2,,,long amplicon / diversity,,TRUE,857487,857720,233,857454,857753,299,66,NA,ch06,long-amp_2,ch06_long-amp_2,NA
Pf3D7_08_v3-1365750-1365999-2,Diagnostic,2,PF3D7_0831700,hsp70,HRP2 deletion,,TRUE,1365783,1365968,185,1365750,1365999,249,64,NA,ch08,hsp70_3,ch08_hsp70_3,NA
Pf3D7_08_v3-1366575-1366822-2,Diagnostic,2,PF3D7_0831700,hsp70,HRP2 deletion,,TRUE,1366600,1366795,195,1366575,1366822,247,52,NA,ch08,hsp70_4,ch08_hsp70_4,NA
Pf3D7_08_v3-1370814-1371045-2,Diagnostic,2,NA,NA,HRP2 deletion,,TRUE,1370847,1371012,165,1370814,1371045,231,66,NA,ch08,hrp2_3,ch08_hrp2_3,NA
Pf3D7_08_v3-1375205-1375450-2,Diagnostic,2,PF3D7_0831800,hrp2,HRP2 deletion,,TRUE,1375238,1375418,180,1375205,1375450,245,65,NA,ch08,hrp2_4,ch08_hrp2_4,NA
Pf3D7_08_v3-1386786-1387035-2,Diagnostic,2,PF3D7_0832100,rifin,HRP2 deletion,,TRUE,1386817,1387005,188,1386786,1387035,249,61,NA,ch08,rifin_2,ch08_rifin_2,NA
Pf3D7_11_v3-1902041-1902278-2,Diagnostic,2,PF3D7_1147800,MAEBL,ch11,,TRUE,1902071,1902253,182,1902041,1902278,237,55,NA,ch11,MAEBL_2,ch11_MAEBL_2,NA
Pf3D7_11_v3-1950431-1950680-2,Diagnostic,2,PF3D7_1149000,Pf332,ch11,,TRUE,1950460,1950650,190,1950431,1950680,249,59,NA,ch11,Pf332_3,ch11_Pf332_3,NA
Pf3D7_11_v3-1968050-1968296-2,Diagnostic,2,PF3D7_1149000,Pf332,ch11,,TRUE,1968083,1968268,185,1968050,1968296,246,61,NA,ch11,Pf332_4,ch11_Pf332_4,NA
Pf3D7_11_v3-2001725-2001999-2,Diagnostic,2,PF3D7_1149600,dnaJ,ch11,,TRUE,2001758,2001969,211,2001725,2001999,274,63,NA,ch11,dnaJ_3,ch11_dnaJ_3,NA
Pf3D7_13_v3-2770591-2770863-2,Diagnostic,2,PF3D7_1369500,PF3D7_1369500,HRP3 deletion,,TRUE,2770623,2770830,207,2770591,2770863,272,65,NA,ch13,PF3D7-1369500_2,ch13_PF3D7-1369500_2,NA
Pf3D7_13_v3-2814583-2814832-2,Diagnostic,2,PF3D7_1371600,EBL-1,HRP3 deletion,,TRUE,2814616,2814807,191,2814583,2814832,249,58,NA,ch13,EBL-1,ch13_EBL-1,NA
Pf3D7_13_v3-2840447-2840746-2,Diagnostic,2,NA,NA,HRP3 deletion,,TRUE,2840474,2840721,247,2840447,2840746,299,52,NA,ch13,hrp3_5,ch13_hrp3_5,NA
Pf3D7_03_v3-221295-221532-2,Immune,2,PF3D7_0304600,csp,C-terminal,336-397,TRUE,221328,221511,183,221295,221532,237,54,NA,ch03,csp_3,ch03_csp_3,NA
Pf3D7_03_v3-980853-981120-2,Immune,2,PF3D7_0323400,ripr,985,959-1027*,TRUE,980886,981092,206,980853,981120,267,61,NA,ch03,ripr_5,ch03_ripr_5,NA
Pf3D7_04_v3-1083299-1083563-2,Immune,2,PF3D7_0424100,Rh5,"170, 197, 203, 204",138*-204,TRUE,1083332,1083530,198,1083299,1083563,264,66,NA,ch04,Rh5_4,ch04_Rh5_4,NA
Pf3D7_04_v3-748585-748822-2,Resistance,2,PF3D7_0417200,dhfr-ts,185,177*-234,TRUE,748618,748789,171,748585,748822,237,66,NA,ch04,dhfr-ts_3,ch04_dhfr-ts_3,NA
Pf3D7_07_v3-403487-403750-2,Resistance,2,PF3D7_0709000,crt,97,37*-107*,TRUE,403508,403717,209,403487,403750,263,54,NA,ch07,crt_7,ch07_crt_7,NA
Pf3D7_07_v3-405517-405773-2,Resistance,2,PF3D7_0709000,crt,"343, 350, 353",339*-366*,TRUE,405550,405743,193,405517,405773,256,63,NA,ch07,crt_8,ch07_crt_8,NA
Pf3D7_08_v3-550057-550318-2,Resistance,2,PF3D7_0810800,dhps,613,572*-640*,TRUE,550090,550294,204,550057,550318,261,57,NA,ch08,dhps_3,ch08_dhps_3,NA
Pf3D7_12_v3-2092654-2092884-2,Resistance,2,PF3D7_1251200,coronin,100,87*-144*,TRUE,2092683,2092852,169,2092654,2092884,230,61,NA,ch12,coronin_2,ch12_coronin_2,NA
Pf3D7_13_v3-1725124-1725365-2,Resistance,2,PF3D7_1343700,k13,613,554*-616*,TRUE,1725152,1725336,184,1725124,1725365,241,57,NA,ch13,k13_7,ch13_k13_7,NA
Pf3D7_13_v3-1725379-1725652-2,Resistance,2,PF3D7_1343700,k13,515,460-532*,TRUE,1725404,1725620,216,1725379,1725652,273,57,NA,ch13,k13_8,ch13_k13_8,NA
Pf3D7_13_v3-1725887-1726123-2,Resistance,2,PF3D7_1343700,k13,NA,302-361*,TRUE,1725916,1726094,178,1725887,1726123,236,58,NA,ch13,k13_9,ch13_k13_9,NA
Pf3D7_13_v3-1726174-1726408-2,Resistance,2,PF3D7_1362500,k13,NA,208*-264*,TRUE,1726207,1726375,168,1726174,1726408,234,66,NA,ch13,k13_10,ch13_k13_10,NA
Pf3D7_14_v3-294503-294768-2,Resistance,2,PF3D7_1408000,pm2,cnv,355*-424*,TRUE,294535,294741,206,294503,294768,265,59,NA,ch14,pm2_3,ch14_pm2_3,NA
